Algoritmo; tempo
NextFit;31200
NextFit;8500
NextFit;5800
NextFit;3700
NextFit;3500
NextFit;3300
NextFit;3500
NextFit;3500
NextFit;3500
NextFit;3600
NextFit;9300
NextFit;3500
NextFit;4300
NextFit;3400
NextFit;3500
NextFit;3500
NextFit;4200
NextFit;4900
NextFit;3500
NextFit;3500
NextFit;5100
NextFit;3400
NextFit;4300
NextFit;3500
NextFit;3400
NextFit;3600
NextFit;4100
NextFit;6500
NextFit;3700
NextFit;3600
NextFit;3600
NextFit;4900
NextFit;3500
NextFit;3400
NextFit;3500
NextFit;4200
NextFit;3700
NextFit;3400
NextFit;5000
NextFit;3500
NextFit;5900
NextFit;3600
NextFit;4500
NextFit;3500
NextFit;3400
NextFit;4700
NextFit;4700
NextFit;3400
NextFit;3400
NextFit;3300
NextFit;3400
NextFit;3400
NextFit;3400
NextFit;4600
NextFit;11200
NextFit;4600
NextFit;3500
NextFit;3600
NextFit;3400
NextFit;3500
NextFit;4000
NextFit;6500
NextFit;3700
NextFit;3500
NextFit;3500
NextFit;3400
NextFit;3700
NextFit;5900
NextFit;5800
NextFit;4500
NextFit;3600
NextFit;4800
NextFit;3600
NextFit;3500
NextFit;3600
NextFit;4800
NextFit;3400
NextFit;3400
NextFit;3500
NextFit;3500
NextFit;3400
NextFit;3500
NextFit;3500
NextFit;5500
NextFit;3400
NextFit;3500
NextFit;4000
NextFit;4300
NextFit;3400
NextFit;3400
NextFit;4800
NextFit;3500
NextFit;3500
NextFit;4200
NextFit;3400
NextFit;3400
NextFit;4200
NextFit;4300
NextFit;4900
NextFit;3400
NextFit;3500
NextFit;3600
NextFit;3500
NextFit;3700
NextFit;3800
NextFit;5300
NextFit;3800
NextFit;4000
NextFit;3600
NextFit;3600
NextFit;3600
NextFit;5500
NextFit;4200
NextFit;4000
NextFit;3400
NextFit;3600
NextFit;3900
NextFit;3800
NextFit;4300
NextFit;3600
NextFit;4800
NextFit;3500
NextFit;4700
NextFit;3600
NextFit;3900
NextFit;5000
NextFit;3600
NextFit;4800
NextFit;3700
NextFit;3500
NextFit;3500
NextFit;3500
NextFit;3400
NextFit;3500
NextFit;3400
NextFit;4700
NextFit;3500
NextFit;3500
NextFit;4200
NextFit;3500
NextFit;4200
NextFit;3500
NextFit;4800
NextFit;3500
NextFit;4400
NextFit;3500
NextFit;3400
NextFit;6800
NextFit;4100
NextFit;3500
NextFit;4800
NextFit;3600
NextFit;3500
NextFit;3400
NextFit;4200
NextFit;3500
NextFit;4000
NextFit;5000
NextFit;3500
NextFit;3400
NextFit;3400
NextFit;3500
NextFit;3400
NextFit;4300
NextFit;3400
NextFit;3500
NextFit;3600
NextFit;10400
NextFit;4100
NextFit;3500
NextFit;4300
NextFit;3400
NextFit;5500
NextFit;4100
NextFit;3500
NextFit;3500
NextFit;3500
NextFit;3600
NextFit;3500
NextFit;5600
NextFit;3500
NextFit;3400
NextFit;4100
NextFit;20100
NextFit;10400
NextFit;2700
NextFit;2600
NextFit;4000
NextFit;29100
NextFit;3100
NextFit;2700
NextFit;2600
NextFit;2600
NextFit;2700
NextFit;5300
NextFit;2700
NextFit;2500
NextFit;2600
NextFit;2700
NextFit;3400
NextFit;2500
NextFit;2600
NextFit;2600
NextFit;2600
NextFit;2500
NextFit;2500
NextFit;2700
NextFit;2600
NextFit;2600
NextFit;3800
NextFit;2600
NextFit;2700
NextFit;2500
NextFit;2600
NextFit;2500
NextFit;2600
NextFit;3900
NextFit;2600
NextFit;2600
NextFit;2500
NextFit;2500
NextFit;2500
NextFit;2500
NextFit;2500
NextFit;4600
NextFit;4100
NextFit;2500
NextFit;2600
NextFit;2600
NextFit;2600
NextFit;2600
NextFit;3900
NextFit;2600
NextFit;2600
NextFit;2500
NextFit;2500
NextFit;2600
NextFit;2500
NextFit;2500
NextFit;3800
NextFit;2500
NextFit;2600
NextFit;3000
NextFit;2600
NextFit;2600
NextFit;2500
NextFit;3900
NextFit;2500
NextFit;2600
NextFit;2700
NextFit;3700
NextFit;2600
NextFit;2600
NextFit;3600
NextFit;2600
NextFit;2500
NextFit;2600
NextFit;2800
NextFit;2600
NextFit;2500
NextFit;2500
NextFit;6300
NextFit;2600
NextFit;1700
NextFit;1700
NextFit;1700
NextFit;1600
NextFit;1700
NextFit;3200
NextFit;1700
NextFit;1700
NextFit;1700
NextFit;1600
NextFit;1700
NextFit;1700
NextFit;1600
NextFit;3200
NextFit;1700
NextFit;1700
NextFit;1700
NextFit;1700
NextFit;1700
NextFit;2200
NextFit;2900
NextFit;1700
NextFit;1700
NextFit;1700
NextFit;1700
NextFit;1600
NextFit;1800
NextFit;1700
NextFit;1700
NextFit;2900
NextFit;1700
NextFit;1700
NextFit;1600
NextFit;1600
NextFit;1700
NextFit;3000
NextFit;1600
NextFit;1700
NextFit;1700
NextFit;1600
NextFit;1600
NextFit;2100
NextFit;1700
NextFit;1700
NextFit;1700
NextFit;1700
NextFit;1700
NextFit;1600
NextFit;1700
NextFit;1700
NextFit;2900
NextFit;1600
NextFit;1600
NextFit;1600
NextFit;1700
NextFit;1600
NextFit;1600
NextFit;2900
NextFit;1700
NextFit;1600
NextFit;1600
NextFit;1700
NextFit;1600
NextFit;1600
NextFit;2200
NextFit;3300
NextFit;1600
NextFit;1600
NextFit;1600
NextFit;1700
NextFit;1600
NextFit;1700
NextFit;2900
NextFit;1600
NextFit;1600
NextFit;1600
NextFit;2400
NextFit;1700
NextFit;1600
NextFit;1600
NextFit;1600
NextFit;1600
NextFit;1600
NextFit;1600
NextFit;1700
NextFit;1600
NextFit;1700
NextFit;2800
NextFit;1600
NextFit;1600
NextFit;1600
NextFit;1600
NextFit;1700
NextFit;1600
NextFit;3000
NextFit;1700
NextFit;1600
NextFit;1600
NextFit;1600
NextFit;1700
NextFit;1600
NextFit;1700
NextFit;2900
NextFit;1700
NextFit;1700
NextFit;1600
NextFit;1600
NextFit;1600
NextFit;1600
NextFit;2900
NextFit;1600
NextFit;1600
NextFit;1600
NextFit;1700
NextFit;1600
NextFit;10100
NextFit;1600
NextFit;3300
NextFit;2500
NextFit;1600
NextFit;6800
NextFit;1700
NextFit;1700
NextFit;1600
NextFit;3200
NextFit;1700
NextFit;1700
NextFit;1700
NextFit;1600
NextFit;1600
NextFit;1600
NextFit;2800
NextFit;1700
NextFit;2200
NextFit;1600
NextFit;1600
NextFit;2200
NextFit;1600
NextFit;1700
NextFit;2800
NextFit;1600
NextFit;1600
NextFit;1600
NextFit;1700
NextFit;1600
NextFit;1700
NextFit;2900
NextFit;1700
NextFit;1700
NextFit;4100
NextFit;1600
NextFit;1700
NextFit;1700
NextFit;1600
NextFit;2900
NextFit;1700
NextFit;1600
NextFit;1700
NextFit;2200
NextFit;1700
NextFit;1600
NextFit;2900
NextFit;1600
NextFit;1600
NextFit;1600
NextFit;1600
NextFit;1600
NextFit;1600
NextFit;1600
NextFit;1700
NextFit;1600
NextFit;1600
NextFit;1600
NextFit;1600
NextFit;1500
NextFit;1600
NextFit;9100
NextFit;1300
NextFit;1400
NextFit;1400
NextFit;1400
NextFit;1300
NextFit;1300
NextFit;2600
NextFit;1300
NextFit;1400
NextFit;1300
NextFit;1300
NextFit;1300
NextFit;1300
NextFit;5900
NextFit;2800
NextFit;1500
NextFit;1500
NextFit;1400
NextFit;1300
NextFit;1400
NextFit;1400
NextFit;2600
NextFit;1800
NextFit;1400
NextFit;1300
NextFit;1400
NextFit;1400
NextFit;1300
NextFit;1300
NextFit;1400
NextFit;1300
NextFit;1300
NextFit;1400
NextFit;1400
NextFit;1300
NextFit;1300
NextFit;2400
NextFit;1400
NextFit;1300
NextFit;1300
NextFit;1300
NextFit;1400
NextFit;1400
NextFit;2600
NextFit;1300
NextFit;1300
NextFit;1400
NextFit;1300
NextFit;1300
NextFit;1300
NextFit;1400
NextFit;2400
NextFit;1300
NextFit;1300
NextFit;1300
NextFit;1400
NextFit;1400
NextFit;1400
NextFit;2900
NextFit;1400
NextFit;1400
NextFit;1400
NextFit;1300
NextFit;1300
NextFit;1300
NextFit;1300
NextFit;4500
NextFit;1500
NextFit;1300
NextFit;3600
NextFit;1400
NextFit;1400
NextFit;1500
NextFit;2600
NextFit;1300
NextFit;1300
NextFit;1300
NextFit;1300
NextFit;1400
NextFit;1300
NextFit;1300
NextFit;1400
NextFit;1400
NextFit;1300
NextFit;1400
NextFit;1300
NextFit;1300
NextFit;1300
NextFit;3200
NextFit;1400
NextFit;1400
NextFit;1300
NextFit;1300
NextFit;1300
NextFit;1300
NextFit;2400
NextFit;1400
NextFit;1300
NextFit;1300
NextFit;1300
NextFit;1400
NextFit;1700
NextFit;1300
NextFit;2600
NextFit;1400
NextFit;1300
NextFit;1300
NextFit;1400
NextFit;1400
NextFit;1300
NextFit;2800
NextFit;1300
NextFit;1300
NextFit;1400
NextFit;1400
NextFit;1400
NextFit;1400
NextFit;1300
NextFit;2500
NextFit;1500
NextFit;1300
NextFit;1300
NextFit;1300
NextFit;1300
NextFit;1300
NextFit;2700
NextFit;2400
NextFit;1500
NextFit;1300
NextFit;1400
NextFit;1300
NextFit;1400
NextFit;1300
NextFit;2000
NextFit;2700
NextFit;1300
NextFit;1300
NextFit;1300
NextFit;1500
NextFit;1300
NextFit;2500
NextFit;2100
NextFit;1400
NextFit;2000
NextFit;1400
NextFit;1300
NextFit;1300
NextFit;2700
NextFit;1400
NextFit;1300
NextFit;1300
NextFit;1300
NextFit;1300
NextFit;1300
NextFit;1400
NextFit;2500
NextFit;1300
NextFit;1300
NextFit;1300
NextFit;1300
NextFit;1300
NextFit;1300
NextFit;2500
NextFit;1300
NextFit;1300
NextFit;1400
NextFit;1300
NextFit;1300
NextFit;1300
NextFit;1300
NextFit;1300
NextFit;1300
NextFit;1400
NextFit;1300
NextFit;1300
NextFit;1300
NextFit;1300
NextFit;2400
NextFit;1400
NextFit;1700
NextFit;1400
NextFit;1300
NextFit;1300
NextFit;1700
NextFit;2400
NextFit;1300
NextFit;1300
NextFit;1300
NextFit;1300
NextFit;7700
NextFit;900
NextFit;700
NextFit;800
NextFit;800
NextFit;700
NextFit;700
NextFit;800
NextFit;1300
NextFit;700
NextFit;1500
NextFit;700
NextFit;700
NextFit;700
NextFit;700
NextFit;800
NextFit;800
NextFit;700
NextFit;800
NextFit;800
NextFit;700
NextFit;800
NextFit;700
NextFit;700
NextFit;700
NextFit;1500
NextFit;700
NextFit;800
NextFit;800
NextFit;800
NextFit;800
NextFit;800
NextFit;1800
NextFit;700
NextFit;700
NextFit;700
NextFit;700
NextFit;700
NextFit;700
NextFit;1100
NextFit;1500
NextFit;800
NextFit;800
NextFit;700
NextFit;700
NextFit;700
NextFit;700
NextFit;1600
NextFit;800
NextFit;800
NextFit;800
NextFit;800
NextFit;700
NextFit;700
NextFit;800
NextFit;700
NextFit;800
NextFit;800
NextFit;800
NextFit;800
NextFit;700
NextFit;800
NextFit;1500
NextFit;700
NextFit;700
NextFit;700
NextFit;700
NextFit;700
NextFit;700
NextFit;1900
NextFit;800
NextFit;700
NextFit;700
NextFit;700
NextFit;800
NextFit;700
NextFit;700
NextFit;1700
NextFit;800
NextFit;800
NextFit;700
NextFit;700
NextFit;700
NextFit;800
NextFit;1500
NextFit;800
NextFit;700
NextFit;700
NextFit;800
NextFit;700
NextFit;700
NextFit;800
NextFit;1500
NextFit;700
NextFit;700
NextFit;800
NextFit;700
NextFit;800
NextFit;800
NextFit;1500
NextFit;800
NextFit;800
NextFit;700
NextFit;700
NextFit;800
NextFit;800
NextFit;700
NextFit;700
NextFit;2300
NextFit;800
NextFit;900
NextFit;800
NextFit;800
NextFit;700
NextFit;1500
NextFit;700
NextFit;800
NextFit;800
NextFit;800
NextFit;800
NextFit;700
NextFit;1500
NextFit;800
NextFit;800
NextFit;700
NextFit;1000
NextFit;700
NextFit;800
NextFit;700
NextFit;1500
NextFit;800
NextFit;700
NextFit;800
NextFit;800
NextFit;700
NextFit;700
NextFit;1900
NextFit;800
NextFit;800
NextFit;800
NextFit;700
NextFit;800
NextFit;800
NextFit;700
NextFit;700
NextFit;700
NextFit;700
NextFit;800
NextFit;1000
NextFit;800
NextFit;800
NextFit;1500
NextFit;800
NextFit;800
NextFit;800
NextFit;800
NextFit;800
NextFit;700
NextFit;1500
NextFit;1000
NextFit;700
NextFit;700
NextFit;700
NextFit;800
NextFit;800
NextFit;800
NextFit;1500
NextFit;700
NextFit;700
NextFit;800
NextFit;700
NextFit;800
NextFit;700
NextFit;1500
NextFit;700
NextFit;700
NextFit;800
NextFit;800
NextFit;700
NextFit;800
NextFit;800
NextFit;1500
NextFit;700
NextFit;700
NextFit;800
NextFit;700
NextFit;700
NextFit;800
NextFit;1600
NextFit;800
NextFit;700
NextFit;700
NextFit;800
NextFit;700
NextFit;700
NextFit;800
NextFit;700
NextFit;800
NextFit;700
NextFit;700
NextFit;700
NextFit;700
NextFit;800
NextFit;1500
NextFit;800
NextFit;800
NextFit;700
NextFit;700
NextFit;800
NextFit;800
NextFit;1900
NextFit;700
NextFit;700
NextFit;800
NextFit;700
NextFit;700
NextFit;800
NextFit;700
NextFit;1600
NextFit;700
NextFit;700
NextFit;700
NextFit;1000
NextFit;800
NextFit;800
NextFit;1800
NextFit;800
NextFit;1000
NextFit;700
NextFit;800
NextFit;800
NextFit;800
NextFit;700
NextFit;1500
NextFit;700
NextFit;700
NextFit;700
NextFit;800
NextFit;800
NextFit;700
NextFit;1500
NextFit;700
NextFit;700
NextFit;700
NextFit;700
NextFit;700
NextFit;800
NextFit;800
NextFit;800
NextFit;700
NextFit;700
NextFit;800
NextFit;800
NextFit;700
NextFit;700
NextFit;1600
NextFit;1700
NextFit;700
NextFit;800
NextFit;700
NextFit;700
NextFit;1500
NextFit;700
NextFit;700
NextFit;1400
NextFit;800
NextFit;800
NextFit;700
NextFit;700
NextFit;1500
NextFit;800
NextFit;700
NextFit;700
NextFit;700
NextFit;800
NextFit;800
NextFit;1500
NextFit;800
NextFit;700
NextFit;800
NextFit;700
NextFit;700
NextFit;700
NextFit;800
NextFit;800
NextFit;800
NextFit;700
NextFit;1500
NextFit;700
NextFit;700
NextFit;700
NextFit;1600
NextFit;800
NextFit;700
NextFit;700
NextFit;1100
NextFit;700
NextFit;700
NextFit;1500
NextFit;700
NextFit;800
NextFit;700
NextFit;700
NextFit;800
NextFit;700
NextFit;1100
NextFit;1700
NextFit;700
NextFit;700
NextFit;700
NextFit;800
NextFit;700
NextFit;700
NextFit;1500
NextFit;700
NextFit;700
NextFit;700
NextFit;700
NextFit;700
NextFit;700
NextFit;700
NextFit;700
NextFit;700
NextFit;700
NextFit;700
NextFit;700
NextFit;700
NextFit;700
NextFit;1600
NextFit;700
NextFit;800
NextFit;700
NextFit;700
NextFit;700
NextFit;800
NextFit;800
NextFit;1000
NextFit;700
NextFit;700
NextFit;700
NextFit;700
NextFit;700
NextFit;700
NextFit;1500
NextFit;700
NextFit;700
NextFit;700
NextFit;700
NextFit;800
NextFit;700
NextFit;1900
NextFit;700
NextFit;700
NextFit;800
NextFit;700
NextFit;700
NextFit;700
NextFit;700
NextFit;2000
NextFit;700
NextFit;600
NextFit;600
NextFit;700
NextFit;1000
NextFit;700
NextFit;1500
NextFit;700
NextFit;700
NextFit;700
NextFit;700
NextFit;700
FirstFit;16700
FirstFit;3500
FirstFit;7800
FirstFit;1400
FirstFit;1400
FirstFit;1400
FirstFit;2300
FirstFit;2200
FirstFit;1500
FirstFit;2700
FirstFit;1500
FirstFit;1400
FirstFit;1600
FirstFit;1400
FirstFit;1400
FirstFit;1400
FirstFit;1400
FirstFit;2300
FirstFit;1400
FirstFit;1400
FirstFit;1400
FirstFit;1800
FirstFit;1400
FirstFit;1400
FirstFit;2300
FirstFit;1400
FirstFit;1500
FirstFit;1500
FirstFit;1400
FirstFit;1400
FirstFit;1400
FirstFit;1400
FirstFit;1400
FirstFit;1500
FirstFit;1400
FirstFit;2500
FirstFit;1500
FirstFit;1400
FirstFit;1400
FirstFit;2300
FirstFit;1400
FirstFit;1400
FirstFit;1500
FirstFit;1400
FirstFit;1400
FirstFit;1400
FirstFit;2200
FirstFit;1400
FirstFit;1400
FirstFit;7200
FirstFit;2000
FirstFit;1600
FirstFit;1400
FirstFit;1400
FirstFit;3100
FirstFit;1400
FirstFit;2200
FirstFit;1400
FirstFit;1400
FirstFit;1500
FirstFit;1500
FirstFit;2300
FirstFit;1400
FirstFit;1800
FirstFit;2000
FirstFit;1500
FirstFit;1800
FirstFit;1500
FirstFit;1500
FirstFit;2200
FirstFit;1400
FirstFit;1400
FirstFit;1400
FirstFit;1500
FirstFit;1400
FirstFit;1400
FirstFit;2300
FirstFit;1400
FirstFit;1900
FirstFit;1400
FirstFit;1500
FirstFit;1500
FirstFit;1500
FirstFit;1500
FirstFit;1400
FirstFit;1500
FirstFit;1500
FirstFit;1400
FirstFit;1400
FirstFit;1500
FirstFit;1500
FirstFit;2300
FirstFit;1900
FirstFit;1500
FirstFit;1500
FirstFit;1500
FirstFit;1400
FirstFit;1400
FirstFit;2300
FirstFit;1500
FirstFit;1400
FirstFit;1400
FirstFit;1400
FirstFit;1500
FirstFit;1500
FirstFit;1400
FirstFit;3300
FirstFit;1500
FirstFit;1400
FirstFit;1400
FirstFit;1500
FirstFit;1500
FirstFit;1500
FirstFit;2200
FirstFit;1500
FirstFit;1500
FirstFit;1500
FirstFit;1400
FirstFit;1400
FirstFit;1400
FirstFit;1800
FirstFit;1900
FirstFit;1400
FirstFit;1800
FirstFit;2100
FirstFit;1400
FirstFit;1500
FirstFit;1400
FirstFit;2300
FirstFit;1500
FirstFit;1500
FirstFit;1400
FirstFit;1400
FirstFit;1400
FirstFit;1400
FirstFit;1900
FirstFit;1500
FirstFit;1400
FirstFit;1500
FirstFit;1900
FirstFit;1500
FirstFit;1500
FirstFit;1400
FirstFit;2200
FirstFit;1400
FirstFit;1400
FirstFit;1400
FirstFit;1500
FirstFit;1500
FirstFit;1900
FirstFit;2300
FirstFit;1400
FirstFit;1400
FirstFit;1400
FirstFit;1400
FirstFit;1400
FirstFit;1400
FirstFit;1400
FirstFit;2200
FirstFit;1400
FirstFit;1500
FirstFit;1400
FirstFit;1400
FirstFit;2500
FirstFit;1600
FirstFit;2300
FirstFit;1500
FirstFit;1400
FirstFit;1400
FirstFit;1400
FirstFit;1400
FirstFit;1400
FirstFit;1400
FirstFit;1500
FirstFit;1500
FirstFit;1400
FirstFit;1400
FirstFit;2200
FirstFit;1600
FirstFit;1500
FirstFit;2600
FirstFit;1400
FirstFit;1500
FirstFit;1500
FirstFit;1500
FirstFit;1500
FirstFit;1500
FirstFit;2200
FirstFit;1500
FirstFit;1400
FirstFit;1400
FirstFit;1400
FirstFit;1800
FirstFit;1400
FirstFit;1500
FirstFit;2700
FirstFit;1600
FirstFit;1400
FirstFit;1400
FirstFit;1500
FirstFit;1500
FirstFit;1400
FirstFit;2200
FirstFit;1500
FirstFit;1500
FirstFit;1500
FirstFit;2000
FirstFit;1400
FirstFit;1400
FirstFit;1500
FirstFit;2300
FirstFit;1400
FirstFit;1400
FirstFit;1400
FirstFit;1400
FirstFit;1400
FirstFit;1400
FirstFit;2300
FirstFit;1400
FirstFit;1400
FirstFit;2400
FirstFit;1500
FirstFit;1500
FirstFit;1500
FirstFit;1500
FirstFit;1500
FirstFit;1500
FirstFit;1500
FirstFit;1400
FirstFit;1400
FirstFit;1400
FirstFit;1400
FirstFit;2300
FirstFit;1500
FirstFit;2100
FirstFit;1500
FirstFit;1500
FirstFit;1800
FirstFit;1500
FirstFit;2200
FirstFit;1400
FirstFit;1500
FirstFit;1500
FirstFit;1500
FirstFit;1400
FirstFit;1400
FirstFit;1500
FirstFit;2300
FirstFit;1500
FirstFit;1900
FirstFit;1500
FirstFit;1500
FirstFit;2000
FirstFit;1500
FirstFit;2200
FirstFit;1400
FirstFit;1500
FirstFit;1400
FirstFit;1400
FirstFit;1400
FirstFit;1500
FirstFit;1400
FirstFit;1500
FirstFit;3100
FirstFit;1500
FirstFit;1500
FirstFit;1400
FirstFit;1500
FirstFit;1400
FirstFit;3000
FirstFit;1500
FirstFit;1400
FirstFit;1500
FirstFit;1400
FirstFit;1400
FirstFit;1500
FirstFit;2200
FirstFit;2500
FirstFit;1500
FirstFit;1400
FirstFit;1400
FirstFit;1400
FirstFit;1400
FirstFit;1400
FirstFit;2300
FirstFit;1500
FirstFit;1500
FirstFit;1500
FirstFit;1400
FirstFit;1400
FirstFit;1500
FirstFit;3100
FirstFit;1500
FirstFit;1500
FirstFit;1800
FirstFit;1500
FirstFit;1500
FirstFit;1500
FirstFit;1400
FirstFit;1500
FirstFit;1400
FirstFit;1400
FirstFit;1500
FirstFit;1500
FirstFit;1500
FirstFit;1800
FirstFit;15300
FirstFit;1500
FirstFit;1300
FirstFit;1200
FirstFit;1300
FirstFit;1300
FirstFit;1300
FirstFit;2100
FirstFit;1300
FirstFit;1200
FirstFit;1200
FirstFit;1200
FirstFit;1200
FirstFit;1200
FirstFit;1800
FirstFit;2300
FirstFit;1200
FirstFit;1200
FirstFit;1200
FirstFit;1200
FirstFit;1200
FirstFit;1300
FirstFit;2000
FirstFit;1200
FirstFit;1200
FirstFit;1200
FirstFit;1200
FirstFit;1300
FirstFit;2200
FirstFit;1300
FirstFit;2100
FirstFit;1200
FirstFit;1300
FirstFit;1300
FirstFit;1300
FirstFit;1200
FirstFit;1200
FirstFit;2100
FirstFit;1200
FirstFit;1200
FirstFit;1200
FirstFit;1200
FirstFit;1700
FirstFit;1300
FirstFit;1300
FirstFit;1700
FirstFit;1300
FirstFit;1200
FirstFit;1200
FirstFit;1200
FirstFit;1200
FirstFit;1200
FirstFit;2000
FirstFit;1300
FirstFit;1200
FirstFit;1200
FirstFit;1600
FirstFit;1300
FirstFit;1200
FirstFit;2500
FirstFit;1200
FirstFit;1300
FirstFit;1200
FirstFit;1200
FirstFit;1300
FirstFit;1300
FirstFit;1200
FirstFit;2200
FirstFit;1200
FirstFit;1200
FirstFit;1200
FirstFit;1600
FirstFit;1300
FirstFit;1200
FirstFit;4100
FirstFit;1300
FirstFit;1300
FirstFit;1200
FirstFit;1200
FirstFit;1200
FirstFit;1200
FirstFit;1300
FirstFit;2100
FirstFit;1200
FirstFit;1300
FirstFit;2300
FirstFit;1200
FirstFit;1300
FirstFit;1300
FirstFit;2400
FirstFit;1300
FirstFit;1300
FirstFit;1300
FirstFit;1200
FirstFit;9000
FirstFit;1300
FirstFit;2100
FirstFit;1300
FirstFit;1300
FirstFit;1800
FirstFit;1200
FirstFit;1200
FirstFit;1600
FirstFit;2100
FirstFit;1200
FirstFit;1200
FirstFit;1200
FirstFit;1200
FirstFit;1300
FirstFit;1300
FirstFit;1300
FirstFit;2000
FirstFit;1300
FirstFit;1600
FirstFit;1200
FirstFit;1200
FirstFit;1200
FirstFit;1200
FirstFit;2100
FirstFit;1300
FirstFit;1300
FirstFit;1200
FirstFit;1200
FirstFit;1200
FirstFit;1200
FirstFit;1300
FirstFit;1300
FirstFit;1600
FirstFit;1300
FirstFit;1300
FirstFit;1300
FirstFit;1200
FirstFit;1200
FirstFit;2000
FirstFit;1200
FirstFit;1200
FirstFit;1200
FirstFit;1200
FirstFit;1200
FirstFit;1200
FirstFit;2000
FirstFit;1300
FirstFit;6400
FirstFit;1600
FirstFit;1300
FirstFit;1300
FirstFit;1200
FirstFit;1200
FirstFit;2100
FirstFit;1300
FirstFit;1300
FirstFit;1300
FirstFit;1300
FirstFit;1200
FirstFit;1200
FirstFit;2300
FirstFit;1800
FirstFit;1300
FirstFit;1600
FirstFit;1300
FirstFit;1300
FirstFit;1200
FirstFit;1200
FirstFit;2200
FirstFit;14300
FirstFit;1200
FirstFit;900
FirstFit;900
FirstFit;900
FirstFit;900
FirstFit;1800
FirstFit;800
FirstFit;800
FirstFit;800
FirstFit;800
FirstFit;900
FirstFit;800
FirstFit;900
FirstFit;900
FirstFit;1000
FirstFit;800
FirstFit;900
FirstFit;900
FirstFit;900
FirstFit;900
FirstFit;1700
FirstFit;800
FirstFit;800
FirstFit;900
FirstFit;800
FirstFit;800
FirstFit;800
FirstFit;1900
FirstFit;900
FirstFit;900
FirstFit;800
FirstFit;800
FirstFit;800
FirstFit;800
FirstFit;1100
FirstFit;1800
FirstFit;800
FirstFit;2600
FirstFit;1000
FirstFit;800
FirstFit;800
FirstFit;800
FirstFit;1600
FirstFit;900
FirstFit;900
FirstFit;800
FirstFit;800
FirstFit;900
FirstFit;800
FirstFit;900
FirstFit;1200
FirstFit;1000
FirstFit;900
FirstFit;900
FirstFit;900
FirstFit;900
FirstFit;900
FirstFit;1700
FirstFit;800
FirstFit;1300
FirstFit;900
FirstFit;900
FirstFit;900
FirstFit;800
FirstFit;900
FirstFit;900
FirstFit;800
FirstFit;800
FirstFit;800
FirstFit;800
FirstFit;800
FirstFit;800
FirstFit;1600
FirstFit;900
FirstFit;900
FirstFit;900
FirstFit;900
FirstFit;800
FirstFit;800
FirstFit;1600
FirstFit;900
FirstFit;900
FirstFit;900
FirstFit;800
FirstFit;800
FirstFit;800
FirstFit;800
FirstFit;1600
FirstFit;900
FirstFit;800
FirstFit;1600
FirstFit;900
FirstFit;800
FirstFit;800
FirstFit;1600
FirstFit;800
FirstFit;900
FirstFit;800
FirstFit;800
FirstFit;800
FirstFit;800
FirstFit;800
FirstFit;900
FirstFit;800
FirstFit;800
FirstFit;1300
FirstFit;900
FirstFit;1200
FirstFit;900
FirstFit;1600
FirstFit;900
FirstFit;800
FirstFit;800
FirstFit;800
FirstFit;800
FirstFit;800
FirstFit;1600
FirstFit;800
FirstFit;800
FirstFit;800
FirstFit;800
FirstFit;900
FirstFit;800
FirstFit;800
FirstFit;1600
FirstFit;900
FirstFit;900
FirstFit;800
FirstFit;800
FirstFit;800
FirstFit;900
FirstFit;1700
FirstFit;900
FirstFit;900
FirstFit;1300
FirstFit;900
FirstFit;900
FirstFit;800
FirstFit;800
FirstFit;1700
FirstFit;800
FirstFit;800
FirstFit;800
FirstFit;900
FirstFit;800
FirstFit;800
FirstFit;1600
FirstFit;1100
FirstFit;800
FirstFit;800
FirstFit;800
FirstFit;800
FirstFit;800
FirstFit;900
FirstFit;900
FirstFit;900
FirstFit;900
FirstFit;900
FirstFit;900
FirstFit;900
FirstFit;900
FirstFit;1700
FirstFit;800
FirstFit;800
FirstFit;1200
FirstFit;1300
FirstFit;900
FirstFit;800
FirstFit;1600
FirstFit;900
FirstFit;800
FirstFit;1000
FirstFit;5900
FirstFit;1100
FirstFit;600
FirstFit;600
FirstFit;7300
FirstFit;600
FirstFit;600
FirstFit;600
FirstFit;600
FirstFit;600
FirstFit;1100
FirstFit;6800
FirstFit;600
FirstFit;600
FirstFit;600
FirstFit;600
FirstFit;600
FirstFit;600
FirstFit;600
FirstFit;700
FirstFit;600
FirstFit;600
FirstFit;600
FirstFit;600
FirstFit;600
FirstFit;600
FirstFit;9100
FirstFit;600
FirstFit;600
FirstFit;600
FirstFit;600
FirstFit;600
FirstFit;600
FirstFit;1400
FirstFit;600
FirstFit;600
FirstFit;600
FirstFit;600
FirstFit;600
FirstFit;600
FirstFit;600
FirstFit;14700
FirstFit;600
FirstFit;600
FirstFit;600
FirstFit;700
FirstFit;700
FirstFit;600
FirstFit;1500
FirstFit;13900
FirstFit;700
FirstFit;600
FirstFit;600
FirstFit;600
FirstFit;600
FirstFit;600
FirstFit;1600
FirstFit;700
FirstFit;600
FirstFit;500
FirstFit;600
FirstFit;600
FirstFit;3100
FirstFit;16300
FirstFit;600
FirstFit;600
FirstFit;600
FirstFit;600
FirstFit;600
FirstFit;600
FirstFit;600
FirstFit;700
FirstFit;600
FirstFit;600
FirstFit;600
FirstFit;600
FirstFit;600
FirstFit;600
FirstFit;1400
FirstFit;17400
FirstFit;700
FirstFit;700
FirstFit;600
FirstFit;600
FirstFit;16800
FirstFit;600
FirstFit;600
FirstFit;600
FirstFit;600
FirstFit;1100
FirstFit;700
FirstFit;600
FirstFit;1400
FirstFit;600
FirstFit;600
FirstFit;600
FirstFit;600
FirstFit;600
FirstFit;1000
FirstFit;1300
FirstFit;600
FirstFit;600
FirstFit;600
FirstFit;600
FirstFit;600
FirstFit;600
FirstFit;900
FirstFit;600
FirstFit;600
FirstFit;600
FirstFit;13200
FirstFit;600
FirstFit;500
FirstFit;600
FirstFit;1700
FirstFit;600
FirstFit;600
FirstFit;600
FirstFit;600
FirstFit;700
FirstFit;600
FirstFit;5300
FirstFit;700
FirstFit;600
FirstFit;600
FirstFit;600
FirstFit;600
FirstFit;600
FirstFit;600
FirstFit;1500
FirstFit;600
FirstFit;600
FirstFit;600
FirstFit;600
FirstFit;500
FirstFit;600
FirstFit;11100
FirstFit;500
FirstFit;700
FirstFit;600
FirstFit;600
FirstFit;600
FirstFit;600
FirstFit;600
FirstFit;6800
FirstFit;600
FirstFit;700
FirstFit;600
FirstFit;600
FirstFit;600
FirstFit;600
FirstFit;1400
FirstFit;700
FirstFit;600
FirstFit;600
FirstFit;600
FirstFit;500
FirstFit;600
FirstFit;600
FirstFit;700
FirstFit;7600
FirstFit;600
FirstFit;600
FirstFit;900
FirstFit;600
FirstFit;600
FirstFit;1500
FirstFit;900
FirstFit;600
FirstFit;600
FirstFit;600
FirstFit;600
FirstFit;600
FirstFit;14300
FirstFit;600
FirstFit;600
FirstFit;600
FirstFit;600
FirstFit;600
FirstFit;600
FirstFit;600
FirstFit;1400
FirstFit;600
FirstFit;600
FirstFit;600
FirstFit;600
FirstFit;600
FirstFit;600
FirstFit;1700
FirstFit;600
FirstFit;500
FirstFit;600
FirstFit;800
FirstFit;4500
FirstFit;600
FirstFit;600
FirstFit;700
FirstFit;600
FirstFit;600
FirstFit;600
FirstFit;1200
FirstFit;600
FirstFit;10400
FirstFit;3500
FirstFit;600
FirstFit;600
FirstFit;600
FirstFit;600
FirstFit;600
FirstFit;600
FirstFit;600
FirstFit;700
FirstFit;600
FirstFit;600
FirstFit;1300
FirstFit;600
FirstFit;600
FirstFit;600
FirstFit;1400
FirstFit;600
FirstFit;900
FirstFit;600
FirstFit;600
FirstFit;600
FirstFit;600
FirstFit;25500
FirstFit;600
FirstFit;900
FirstFit;600
FirstFit;700
FirstFit;600
FirstFit;600
FirstFit;600
FirstFit;600
FirstFit;600
FirstFit;600
FirstFit;600
FirstFit;500
FirstFit;600
FirstFit;600
FirstFit;1400
FirstFit;600
FirstFit;600
FirstFit;600
FirstFit;600
FirstFit;600
FirstFit;600
FirstFit;600
FirstFit;700
FirstFit;1300
FirstFit;600
FirstFit;600
FirstFit;1400
FirstFit;600
FirstFit;10600
FirstFit;1400
FirstFit;600
FirstFit;600
FirstFit;600
FirstFit;600
FirstFit;600
FirstFit;600
FirstFit;1700
FirstFit;600
FirstFit;600
FirstFit;600
FirstFit;600
FirstFit;500
FirstFit;1000
FirstFit;700
FirstFit;1400
FirstFit;600
FirstFit;600
FirstFit;600
FirstFit;600
FirstFit;2600
FirstFit;600
FirstFit;16800
FirstFit;600
FirstFit;600
FirstFit;600
FirstFit;600
FirstFit;700
FirstFit;600
FirstFit;600
FirstFit;700
FirstFit;600
FirstFit;500
FirstFit;600
FirstFit;600
FirstFit;600
FirstFit;600
FirstFit;2000
FirstFit;600
FirstFit;600
FirstFit;700
FirstFit;600
FirstFit;600
FirstFit;600
FirstFit;1400
FirstFit;600
FirstFit;600
FirstFit;600
FirstFit;700
FirstFit;600
FirstFit;600
FirstFit;600
FirstFit;27300
FirstFit;600
FirstFit;600
FirstFit;600
FirstFit;600
FirstFit;600
FirstFit;600
FirstFit;1400
FirstFit;600
FirstFit;600
FirstFit;1200
FirstFit;700
FirstFit;600
FirstFit;600
FirstFit;700
FirstFit;7700
FirstFit;600
FirstFit;600
FirstFit;700
FirstFit;700
FirstFit;600
FirstFit;600
FirstFit;1500
FirstFit;500
FirstFit;600
FirstFit;600
FirstFit;800
FirstFit;700
FirstFit;600
FirstFit;600
FirstFit;700
FirstFit;600
FirstFit;600
FirstFit;600
FirstFit;600
FirstFit;600
FirstFit;600
FirstFit;1400
FirstFit;600
FirstFit;600
FirstFit;600
FirstFit;600
FirstFit;600
FirstFit;600
FirstFit;1500
FirstFit;600
FirstFit;600
FirstFit;600
FirstFit;600
FirstFit;600
NextFitDecreasing;6900
NextFitDecreasing;3400
NextFitDecreasing;2200
NextFitDecreasing;1800
NextFitDecreasing;1800
NextFitDecreasing;2900
NextFitDecreasing;2800
NextFitDecreasing;2700
NextFitDecreasing;2500
NextFitDecreasing;1700
NextFitDecreasing;1800
NextFitDecreasing;1800
NextFitDecreasing;1800
NextFitDecreasing;1900
NextFitDecreasing;1800
NextFitDecreasing;3000
NextFitDecreasing;1800
NextFitDecreasing;1800
NextFitDecreasing;1900
NextFitDecreasing;1800
NextFitDecreasing;1800
NextFitDecreasing;1800
NextFitDecreasing;2900
NextFitDecreasing;1800
NextFitDecreasing;1700
NextFitDecreasing;1800
NextFitDecreasing;1800
NextFitDecreasing;1900
NextFitDecreasing;1800
NextFitDecreasing;1800
NextFitDecreasing;1900
NextFitDecreasing;1800
NextFitDecreasing;1800
NextFitDecreasing;1800
NextFitDecreasing;1900
NextFitDecreasing;1800
NextFitDecreasing;1800
NextFitDecreasing;1900
NextFitDecreasing;1800
NextFitDecreasing;1800
NextFitDecreasing;1800
NextFitDecreasing;3100
NextFitDecreasing;1800
NextFitDecreasing;1800
NextFitDecreasing;1800
NextFitDecreasing;1800
NextFitDecreasing;2200
NextFitDecreasing;2400
NextFitDecreasing;2700
NextFitDecreasing;1800
NextFitDecreasing;1800
NextFitDecreasing;1800
NextFitDecreasing;1800
NextFitDecreasing;1700
NextFitDecreasing;1800
NextFitDecreasing;2700
NextFitDecreasing;1800
NextFitDecreasing;1900
NextFitDecreasing;1800
NextFitDecreasing;1800
NextFitDecreasing;1800
NextFitDecreasing;1700
NextFitDecreasing;3000
NextFitDecreasing;1800
NextFitDecreasing;1700
NextFitDecreasing;1800
NextFitDecreasing;1800
NextFitDecreasing;1700
NextFitDecreasing;1700
NextFitDecreasing;2600
NextFitDecreasing;1800
NextFitDecreasing;1800
NextFitDecreasing;2300
NextFitDecreasing;1800
NextFitDecreasing;1800
NextFitDecreasing;1800
NextFitDecreasing;2600
NextFitDecreasing;1800
NextFitDecreasing;2200
NextFitDecreasing;1800
NextFitDecreasing;1800
NextFitDecreasing;1800
NextFitDecreasing;1800
NextFitDecreasing;2700
NextFitDecreasing;1800
NextFitDecreasing;1700
NextFitDecreasing;1700
NextFitDecreasing;1800
NextFitDecreasing;1700
NextFitDecreasing;1800
NextFitDecreasing;2700
NextFitDecreasing;1800
NextFitDecreasing;1800
NextFitDecreasing;1800
NextFitDecreasing;1700
NextFitDecreasing;1700
NextFitDecreasing;1800
NextFitDecreasing;3100
NextFitDecreasing;1900
NextFitDecreasing;1800
NextFitDecreasing;1700
NextFitDecreasing;1800
NextFitDecreasing;1800
NextFitDecreasing;1800
NextFitDecreasing;2800
NextFitDecreasing;1700
NextFitDecreasing;1800
NextFitDecreasing;1800
NextFitDecreasing;1700
NextFitDecreasing;1800
NextFitDecreasing;1700
NextFitDecreasing;2600
NextFitDecreasing;1800
NextFitDecreasing;1800
NextFitDecreasing;1700
NextFitDecreasing;1700
NextFitDecreasing;1800
NextFitDecreasing;1800
NextFitDecreasing;2700
NextFitDecreasing;1800
NextFitDecreasing;1800
NextFitDecreasing;1800
NextFitDecreasing;3300
NextFitDecreasing;1900
NextFitDecreasing;3000
NextFitDecreasing;3800
NextFitDecreasing;2700
NextFitDecreasing;1800
NextFitDecreasing;1800
NextFitDecreasing;18000
NextFitDecreasing;1800
NextFitDecreasing;1800
NextFitDecreasing;2700
NextFitDecreasing;1800
NextFitDecreasing;1700
NextFitDecreasing;1700
NextFitDecreasing;1700
NextFitDecreasing;1700
NextFitDecreasing;1800
NextFitDecreasing;2800
NextFitDecreasing;1800
NextFitDecreasing;1700
NextFitDecreasing;1800
NextFitDecreasing;1900
NextFitDecreasing;1800
NextFitDecreasing;9300
NextFitDecreasing;6200
NextFitDecreasing;2300
NextFitDecreasing;1800
NextFitDecreasing;1700
NextFitDecreasing;1800
NextFitDecreasing;1800
NextFitDecreasing;7100
NextFitDecreasing;2600
NextFitDecreasing;1800
NextFitDecreasing;1800
NextFitDecreasing;1800
NextFitDecreasing;1800
NextFitDecreasing;1700
NextFitDecreasing;1700
NextFitDecreasing;5000
NextFitDecreasing;1800
NextFitDecreasing;1800
NextFitDecreasing;1800
NextFitDecreasing;1700
NextFitDecreasing;1700
NextFitDecreasing;1800
NextFitDecreasing;4900
NextFitDecreasing;1800
NextFitDecreasing;1700
NextFitDecreasing;1700
NextFitDecreasing;1800
NextFitDecreasing;2300
NextFitDecreasing;1800
NextFitDecreasing;2600
NextFitDecreasing;1800
NextFitDecreasing;1800
NextFitDecreasing;1800
NextFitDecreasing;1800
NextFitDecreasing;1800
NextFitDecreasing;1800
NextFitDecreasing;2600
NextFitDecreasing;1800
NextFitDecreasing;1800
NextFitDecreasing;1800
NextFitDecreasing;1800
NextFitDecreasing;1800
NextFitDecreasing;1700
NextFitDecreasing;11600
NextFitDecreasing;1800
NextFitDecreasing;1700
NextFitDecreasing;1700
NextFitDecreasing;2100
NextFitDecreasing;1800
NextFitDecreasing;1800
NextFitDecreasing;2600
NextFitDecreasing;1800
NextFitDecreasing;7700
NextFitDecreasing;1900
NextFitDecreasing;1800
NextFitDecreasing;1800
NextFitDecreasing;1700
NextFitDecreasing;2600
NextFitDecreasing;1800
NextFitDecreasing;2100
NextFitDecreasing;1800
NextFitDecreasing;1700
NextFitDecreasing;1700
NextFitDecreasing;1800
NextFitDecreasing;2700
NextFitDecreasing;1700
NextFitDecreasing;1700
NextFitDecreasing;1700
NextFitDecreasing;1800
NextFitDecreasing;1700
NextFitDecreasing;1800
NextFitDecreasing;2600
NextFitDecreasing;1700
NextFitDecreasing;1700
NextFitDecreasing;2000
NextFitDecreasing;1800
NextFitDecreasing;1700
NextFitDecreasing;2600
NextFitDecreasing;2700
NextFitDecreasing;1800
NextFitDecreasing;1800
NextFitDecreasing;1700
NextFitDecreasing;1700
NextFitDecreasing;3000
NextFitDecreasing;1600
NextFitDecreasing;2700
NextFitDecreasing;1600
NextFitDecreasing;1600
NextFitDecreasing;1600
NextFitDecreasing;1600
NextFitDecreasing;1600
NextFitDecreasing;1600
NextFitDecreasing;2400
NextFitDecreasing;1600
NextFitDecreasing;1600
NextFitDecreasing;1600
NextFitDecreasing;1600
NextFitDecreasing;1600
NextFitDecreasing;1600
NextFitDecreasing;2400
NextFitDecreasing;1600
NextFitDecreasing;1600
NextFitDecreasing;2400
NextFitDecreasing;1600
NextFitDecreasing;1600
NextFitDecreasing;3300
NextFitDecreasing;2400
NextFitDecreasing;2400
NextFitDecreasing;2000
NextFitDecreasing;2800
NextFitDecreasing;1600
NextFitDecreasing;1600
NextFitDecreasing;1600
NextFitDecreasing;10600
NextFitDecreasing;1600
NextFitDecreasing;1600
NextFitDecreasing;1700
NextFitDecreasing;1600
NextFitDecreasing;1600
NextFitDecreasing;1600
NextFitDecreasing;2400
NextFitDecreasing;1600
NextFitDecreasing;1600
NextFitDecreasing;1600
NextFitDecreasing;1600
NextFitDecreasing;1600
NextFitDecreasing;1600
NextFitDecreasing;11500
NextFitDecreasing;1600
NextFitDecreasing;1600
NextFitDecreasing;1700
NextFitDecreasing;1600
NextFitDecreasing;1600
NextFitDecreasing;1600
NextFitDecreasing;2400
NextFitDecreasing;1600
NextFitDecreasing;1500
NextFitDecreasing;2100
NextFitDecreasing;2100
NextFitDecreasing;1800
NextFitDecreasing;1700
NextFitDecreasing;3000
NextFitDecreasing;1800
NextFitDecreasing;1800
NextFitDecreasing;1700
NextFitDecreasing;1800
NextFitDecreasing;1700
NextFitDecreasing;1700
NextFitDecreasing;11900
NextFitDecreasing;1600
NextFitDecreasing;1700
NextFitDecreasing;1600
NextFitDecreasing;5800
NextFitDecreasing;1700
NextFitDecreasing;1600
NextFitDecreasing;2400
NextFitDecreasing;1600
NextFitDecreasing;1600
NextFitDecreasing;1600
NextFitDecreasing;1600
NextFitDecreasing;1600
NextFitDecreasing;1900
NextFitDecreasing;9300
NextFitDecreasing;1600
NextFitDecreasing;1600
NextFitDecreasing;1600
NextFitDecreasing;1600
NextFitDecreasing;1600
NextFitDecreasing;1600
NextFitDecreasing;4000
NextFitDecreasing;1600
NextFitDecreasing;1600
NextFitDecreasing;1700
NextFitDecreasing;1600
NextFitDecreasing;1600
NextFitDecreasing;1600
NextFitDecreasing;2800
NextFitDecreasing;2200
NextFitDecreasing;1600
NextFitDecreasing;1600
NextFitDecreasing;2100
NextFitDecreasing;1600
NextFitDecreasing;1700
NextFitDecreasing;2700
NextFitDecreasing;1600
NextFitDecreasing;1600
NextFitDecreasing;1700
NextFitDecreasing;1600
NextFitDecreasing;1500
NextFitDecreasing;1700
NextFitDecreasing;2400
NextFitDecreasing;1700
NextFitDecreasing;1600
NextFitDecreasing;1600
NextFitDecreasing;1600
NextFitDecreasing;1600
NextFitDecreasing;1600
NextFitDecreasing;2400
NextFitDecreasing;1600
NextFitDecreasing;1600
NextFitDecreasing;1600
NextFitDecreasing;1600
NextFitDecreasing;2300
NextFitDecreasing;1600
NextFitDecreasing;3700
NextFitDecreasing;1600
NextFitDecreasing;1600
NextFitDecreasing;1600
NextFitDecreasing;1600
NextFitDecreasing;9000
NextFitDecreasing;1600
NextFitDecreasing;2300
NextFitDecreasing;1600
NextFitDecreasing;1600
NextFitDecreasing;1600
NextFitDecreasing;1600
NextFitDecreasing;1900
NextFitDecreasing;1700
NextFitDecreasing;2900
NextFitDecreasing;1700
NextFitDecreasing;1600
NextFitDecreasing;1600
NextFitDecreasing;1600
NextFitDecreasing;1600
NextFitDecreasing;1600
NextFitDecreasing;2400
NextFitDecreasing;1600
NextFitDecreasing;2200
NextFitDecreasing;1600
NextFitDecreasing;1600
NextFitDecreasing;1500
NextFitDecreasing;1700
NextFitDecreasing;2400
NextFitDecreasing;2100
NextFitDecreasing;1700
NextFitDecreasing;13100
NextFitDecreasing;2000
NextFitDecreasing;2800
NextFitDecreasing;1600
NextFitDecreasing;2500
NextFitDecreasing;1700
NextFitDecreasing;1600
NextFitDecreasing;1500
NextFitDecreasing;1600
NextFitDecreasing;1700
NextFitDecreasing;1500
NextFitDecreasing;2800
NextFitDecreasing;1600
NextFitDecreasing;1600
NextFitDecreasing;1600
NextFitDecreasing;1600
NextFitDecreasing;1600
NextFitDecreasing;17500
NextFitDecreasing;2800
NextFitDecreasing;1600
NextFitDecreasing;1600
NextFitDecreasing;1600
NextFitDecreasing;1600
NextFitDecreasing;1600
NextFitDecreasing;1600
NextFitDecreasing;10500
NextFitDecreasing;1600
NextFitDecreasing;1600
NextFitDecreasing;1600
NextFitDecreasing;1600
NextFitDecreasing;1600
NextFitDecreasing;1600
NextFitDecreasing;3700
NextFitDecreasing;1600
NextFitDecreasing;1700
NextFitDecreasing;1600
NextFitDecreasing;1600
NextFitDecreasing;1600
NextFitDecreasing;1600
NextFitDecreasing;2700
NextFitDecreasing;1900
NextFitDecreasing;2300
NextFitDecreasing;1600
NextFitDecreasing;1600
NextFitDecreasing;1900
NextFitDecreasing;1700
NextFitDecreasing;2600
NextFitDecreasing;1600
NextFitDecreasing;1600
NextFitDecreasing;1600
NextFitDecreasing;1600
NextFitDecreasing;1600
NextFitDecreasing;1600
NextFitDecreasing;2400
NextFitDecreasing;1600
NextFitDecreasing;1600
NextFitDecreasing;1600
NextFitDecreasing;1600
NextFitDecreasing;1600
NextFitDecreasing;1600
NextFitDecreasing;2600
NextFitDecreasing;1700
NextFitDecreasing;1600
NextFitDecreasing;1600
NextFitDecreasing;1600
NextFitDecreasing;1700
NextFitDecreasing;2200
NextFitDecreasing;9300
NextFitDecreasing;1600
NextFitDecreasing;1600
NextFitDecreasing;1500
NextFitDecreasing;1600
NextFitDecreasing;1600
NextFitDecreasing;2000
NextFitDecreasing;2500
NextFitDecreasing;1600
NextFitDecreasing;1600
NextFitDecreasing;1600
NextFitDecreasing;1600
NextFitDecreasing;1600
NextFitDecreasing;1600
NextFitDecreasing;4500
NextFitDecreasing;1600
NextFitDecreasing;1600
NextFitDecreasing;1600
NextFitDecreasing;1600
NextFitDecreasing;1600
NextFitDecreasing;1600
NextFitDecreasing;2500
NextFitDecreasing;1700
NextFitDecreasing;7500
NextFitDecreasing;2100
NextFitDecreasing;1700
NextFitDecreasing;1600
NextFitDecreasing;1500
NextFitDecreasing;2400
NextFitDecreasing;1600
NextFitDecreasing;1900
NextFitDecreasing;1700
NextFitDecreasing;1600
NextFitDecreasing;1500
NextFitDecreasing;1500
NextFitDecreasing;2400
NextFitDecreasing;1500
NextFitDecreasing;1600
NextFitDecreasing;1600
NextFitDecreasing;1600
NextFitDecreasing;1600
NextFitDecreasing;1600
NextFitDecreasing;2600
NextFitDecreasing;1600
NextFitDecreasing;1600
NextFitDecreasing;1600
NextFitDecreasing;1600
NextFitDecreasing;1700
NextFitDecreasing;1600
NextFitDecreasing;2900
NextFitDecreasing;1700
NextFitDecreasing;1600
NextFitDecreasing;1600
NextFitDecreasing;1600
NextFitDecreasing;1600
NextFitDecreasing;1600
NextFitDecreasing;1500
NextFitDecreasing;1600
NextFitDecreasing;1600
NextFitDecreasing;300100
NextFitDecreasing;3200
NextFitDecreasing;12400
NextFitDecreasing;10200
NextFitDecreasing;12900
NextFitDecreasing;2100
NextFitDecreasing;22300
NextFitDecreasing;1800
NextFitDecreasing;1700
NextFitDecreasing;1600
NextFitDecreasing;1700
NextFitDecreasing;1600
NextFitDecreasing;1600
NextFitDecreasing;2100
NextFitDecreasing;1700
NextFitDecreasing;2600
NextFitDecreasing;1600
NextFitDecreasing;1600
NextFitDecreasing;1600
NextFitDecreasing;1600
NextFitDecreasing;1600
NextFitDecreasing;1600
NextFitDecreasing;1800
NextFitDecreasing;1600
NextFitDecreasing;1600
NextFitDecreasing;1600
NextFitDecreasing;1700
NextFitDecreasing;2300
NextFitDecreasing;1800
NextFitDecreasing;1700
NextFitDecreasing;1600
NextFitDecreasing;1600
NextFitDecreasing;1600
NextFitDecreasing;1700
NextFitDecreasing;1700
NextFitDecreasing;1700
NextFitDecreasing;1700
NextFitDecreasing;1600
NextFitDecreasing;1700
NextFitDecreasing;1600
NextFitDecreasing;2300
NextFitDecreasing;1600
NextFitDecreasing;1700
NextFitDecreasing;1600
NextFitDecreasing;1600
NextFitDecreasing;13200
NextFitDecreasing;5200
NextFitDecreasing;1700
NextFitDecreasing;1700
NextFitDecreasing;1600
NextFitDecreasing;1600
NextFitDecreasing;1600
NextFitDecreasing;1600
NextFitDecreasing;1700
NextFitDecreasing;1700
NextFitDecreasing;1700
NextFitDecreasing;1600
NextFitDecreasing;1600
NextFitDecreasing;1600
NextFitDecreasing;1600
NextFitDecreasing;1700
NextFitDecreasing;1600
NextFitDecreasing;1600
NextFitDecreasing;1700
NextFitDecreasing;1600
NextFitDecreasing;2300
NextFitDecreasing;1600
NextFitDecreasing;1700
NextFitDecreasing;2900
NextFitDecreasing;5100
NextFitDecreasing;1600
NextFitDecreasing;1600
NextFitDecreasing;1700
NextFitDecreasing;1600
NextFitDecreasing;1600
NextFitDecreasing;2300
NextFitDecreasing;1700
NextFitDecreasing;1600
NextFitDecreasing;1700
NextFitDecreasing;1600
NextFitDecreasing;1600
NextFitDecreasing;1700
NextFitDecreasing;1700
NextFitDecreasing;1600
NextFitDecreasing;1600
NextFitDecreasing;1600
NextFitDecreasing;1600
NextFitDecreasing;1700
NextFitDecreasing;1700
NextFitDecreasing;1600
NextFitDecreasing;2200
NextFitDecreasing;1700
NextFitDecreasing;1900
NextFitDecreasing;1700
NextFitDecreasing;1700
NextFitDecreasing;1600
NextFitDecreasing;1600
NextFitDecreasing;1700
NextFitDecreasing;1600
NextFitDecreasing;1600
NextFitDecreasing;1700
NextFitDecreasing;1600
NextFitDecreasing;2500
NextFitDecreasing;1700
NextFitDecreasing;1600
NextFitDecreasing;3500
NextFitDecreasing;1600
NextFitDecreasing;1600
NextFitDecreasing;1700
NextFitDecreasing;2400
NextFitDecreasing;1600
NextFitDecreasing;1700
NextFitDecreasing;1600
NextFitDecreasing;1600
NextFitDecreasing;1700
NextFitDecreasing;2200
NextFitDecreasing;9500
NextFitDecreasing;1600
NextFitDecreasing;1700
NextFitDecreasing;1600
NextFitDecreasing;1600
NextFitDecreasing;1600
NextFitDecreasing;1600
NextFitDecreasing;5600
NextFitDecreasing;1700
NextFitDecreasing;1600
NextFitDecreasing;1600
NextFitDecreasing;1600
NextFitDecreasing;2100
NextFitDecreasing;1700
NextFitDecreasing;3500
NextFitDecreasing;2100
NextFitDecreasing;5600
NextFitDecreasing;1700
NextFitDecreasing;1600
NextFitDecreasing;1600
NextFitDecreasing;1600
NextFitDecreasing;5200
NextFitDecreasing;1600
NextFitDecreasing;1600
NextFitDecreasing;2300
NextFitDecreasing;2000
NextFitDecreasing;1600
NextFitDecreasing;1600
NextFitDecreasing;1700
NextFitDecreasing;1600
NextFitDecreasing;1600
NextFitDecreasing;1600
NextFitDecreasing;1600
NextFitDecreasing;1600
NextFitDecreasing;1600
NextFitDecreasing;2500
NextFitDecreasing;1600
NextFitDecreasing;1700
NextFitDecreasing;1600
NextFitDecreasing;1600
NextFitDecreasing;1600
NextFitDecreasing;1700
NextFitDecreasing;11600
NextFitDecreasing;1600
NextFitDecreasing;1600
NextFitDecreasing;1700
NextFitDecreasing;1500
NextFitDecreasing;1600
NextFitDecreasing;1600
NextFitDecreasing;11100
NextFitDecreasing;1600
NextFitDecreasing;1700
NextFitDecreasing;1600
NextFitDecreasing;1600
NextFitDecreasing;1700
NextFitDecreasing;1900
NextFitDecreasing;4900
NextFitDecreasing;1700
NextFitDecreasing;1600
NextFitDecreasing;1700
NextFitDecreasing;1600
NextFitDecreasing;1600
NextFitDecreasing;1600
NextFitDecreasing;2400
NextFitDecreasing;1600
NextFitDecreasing;1700
NextFitDecreasing;1600
NextFitDecreasing;1600
NextFitDecreasing;1600
NextFitDecreasing;13000
NextFitDecreasing;1700
NextFitDecreasing;2400
NextFitDecreasing;1700
NextFitDecreasing;1600
NextFitDecreasing;2300
NextFitDecreasing;19000
NextFitDecreasing;1600
NextFitDecreasing;1700
NextFitDecreasing;1600
NextFitDecreasing;1600
NextFitDecreasing;1600
NextFitDecreasing;1600
NextFitDecreasing;13100
NextFitDecreasing;1600
NextFitDecreasing;1600
NextFitDecreasing;1600
NextFitDecreasing;1600
NextFitDecreasing;2100
NextFitDecreasing;1700
NextFitDecreasing;4400
NextFitDecreasing;1600
NextFitDecreasing;1700
NextFitDecreasing;1600
NextFitDecreasing;1600
NextFitDecreasing;1600
NextFitDecreasing;1600
NextFitDecreasing;2400
NextFitDecreasing;1600
NextFitDecreasing;1700
NextFitDecreasing;17500
NextFitDecreasing;1600
NextFitDecreasing;1600
NextFitDecreasing;1600
NextFitDecreasing;2400
NextFitDecreasing;1700
NextFitDecreasing;1600
NextFitDecreasing;1600
NextFitDecreasing;1600
NextFitDecreasing;1600
NextFitDecreasing;1600
NextFitDecreasing;11600
NextFitDecreasing;1600
NextFitDecreasing;1600
NextFitDecreasing;1600
NextFitDecreasing;1600
NextFitDecreasing;1700
NextFitDecreasing;1600
NextFitDecreasing;2900
NextFitDecreasing;1600
NextFitDecreasing;1600
NextFitDecreasing;1600
NextFitDecreasing;1600
NextFitDecreasing;1600
NextFitDecreasing;1700
NextFitDecreasing;3200
NextFitDecreasing;1600
NextFitDecreasing;1700
NextFitDecreasing;1600
NextFitDecreasing;1600
NextFitDecreasing;1600
NextFitDecreasing;1600
NextFitDecreasing;2800
NextFitDecreasing;1600
NextFitDecreasing;2000
NextFitDecreasing;1600
NextFitDecreasing;1600
NextFitDecreasing;1600
NextFitDecreasing;1600
NextFitDecreasing;8200
NextFitDecreasing;1900
NextFitDecreasing;2100
NextFitDecreasing;1600
NextFitDecreasing;2400
NextFitDecreasing;4200
NextFitDecreasing;2600
NextFitDecreasing;7800
NextFitDecreasing;1600
NextFitDecreasing;1600
NextFitDecreasing;1600
NextFitDecreasing;2200
NextFitDecreasing;1600
NextFitDecreasing;1600
NextFitDecreasing;5100
NextFitDecreasing;1600
NextFitDecreasing;1600
NextFitDecreasing;1700
NextFitDecreasing;1600
NextFitDecreasing;1600
NextFitDecreasing;1600
NextFitDecreasing;6300
NextFitDecreasing;16400
NextFitDecreasing;1700
NextFitDecreasing;1600
NextFitDecreasing;1700
NextFitDecreasing;1600
NextFitDecreasing;1600
NextFitDecreasing;2900
NextFitDecreasing;1600
NextFitDecreasing;1700
NextFitDecreasing;1600
NextFitDecreasing;1600
NextFitDecreasing;1600
NextFitDecreasing;1700
NextFitDecreasing;6500
NextFitDecreasing;2200
NextFitDecreasing;1700
NextFitDecreasing;1600
NextFitDecreasing;1600
NextFitDecreasing;1600
NextFitDecreasing;1600
NextFitDecreasing;16900
NextFitDecreasing;1600
NextFitDecreasing;1600
NextFitDecreasing;1700
NextFitDecreasing;1600
NextFitDecreasing;1600
NextFitDecreasing;1600
NextFitDecreasing;2500
NextFitDecreasing;1700
NextFitDecreasing;1700
NextFitDecreasing;1600
NextFitDecreasing;1600
NextFitDecreasing;1700
NextFitDecreasing;1600
NextFitDecreasing;2500
NextFitDecreasing;1600
NextFitDecreasing;1600
NextFitDecreasing;1700
NextFitDecreasing;1600
NextFitDecreasing;2200
NextFitDecreasing;1600
NextFitDecreasing;7200
NextFitDecreasing;1600
NextFitDecreasing;1700
NextFitDecreasing;1700
NextFitDecreasing;1600
NextFitDecreasing;1600
NextFitDecreasing;1600
NextFitDecreasing;6200
NextFitDecreasing;1700
NextFitDecreasing;1600
NextFitDecreasing;1700
NextFitDecreasing;2500
NextFitDecreasing;1700
NextFitDecreasing;1700
NextFitDecreasing;16000
NextFitDecreasing;1600
NextFitDecreasing;1700
NextFitDecreasing;1600
NextFitDecreasing;1600
NextFitDecreasing;1600
NextFitDecreasing;1600
NextFitDecreasing;2400
NextFitDecreasing;1700
NextFitDecreasing;2300
NextFitDecreasing;1700
NextFitDecreasing;1600
NextFitDecreasing;1600
NextFitDecreasing;1600
NextFitDecreasing;2800
NextFitDecreasing;1700
NextFitDecreasing;1600
NextFitDecreasing;1600
NextFitDecreasing;1700
NextFitDecreasing;1600
NextFitDecreasing;1600
NextFitDecreasing;2400
NextFitDecreasing;1700
NextFitDecreasing;1600
NextFitDecreasing;1600
NextFitDecreasing;1500
NextFitDecreasing;1600
NextFitDecreasing;1600
NextFitDecreasing;12700
NextFitDecreasing;1600
NextFitDecreasing;1600
NextFitDecreasing;1700
NextFitDecreasing;1600
NextFitDecreasing;1600
NextFitDecreasing;9400
NextFitDecreasing;3000
NextFitDecreasing;1600
NextFitDecreasing;1600
NextFitDecreasing;2000
NextFitDecreasing;1700
NextFitDecreasing;1700
NextFitDecreasing;1500
NextFitDecreasing;7200
NextFitDecreasing;1600
NextFitDecreasing;1600
NextFitDecreasing;1700
NextFitDecreasing;1600
NextFitDecreasing;1600
NextFitDecreasing;1700
NextFitDecreasing;2500
NextFitDecreasing;1600
NextFitDecreasing;1600
NextFitDecreasing;1600
NextFitDecreasing;5300
NextFitDecreasing;1700
NextFitDecreasing;2300
NextFitDecreasing;11000
NextFitDecreasing;2600
NextFitDecreasing;1700
NextFitDecreasing;2200
NextFitDecreasing;1600
NextFitDecreasing;1600
NextFitDecreasing;1600
NextFitDecreasing;2700
NextFitDecreasing;1700
NextFitDecreasing;1600
NextFitDecreasing;1600
NextFitDecreasing;1500
NextFitDecreasing;1500
NextFitDecreasing;1600
NextFitDecreasing;2700
NextFitDecreasing;1700
NextFitDecreasing;1600
NextFitDecreasing;1600
NextFitDecreasing;1600
NextFitDecreasing;1600
NextFitDecreasing;1900
NextFitDecreasing;12700
NextFitDecreasing;1700
NextFitDecreasing;1600
NextFitDecreasing;1600
NextFitDecreasing;1600
NextFitDecreasing;1600
NextFitDecreasing;1600
NextFitDecreasing;3300
NextFitDecreasing;1700
NextFitDecreasing;1600
NextFitDecreasing;1600
NextFitDecreasing;1600
NextFitDecreasing;1600
NextFitDecreasing;1500
NextFitDecreasing;6400
NextFitDecreasing;1600
NextFitDecreasing;1600
NextFitDecreasing;1600
NextFitDecreasing;1600
NextFitDecreasing;1500
NextFitDecreasing;1600
NextFitDecreasing;17900
NextFitDecreasing;1600
NextFitDecreasing;1600
NextFitDecreasing;1600
NextFitDecreasing;1600
NextFitDecreasing;1600
NextFitDecreasing;1600
NextFitDecreasing;9300
NextFitDecreasing;4100
NextFitDecreasing;1600
NextFitDecreasing;1600
NextFitDecreasing;2100
NextFitDecreasing;1600
NextFitDecreasing;1600
NextFitDecreasing;2700
NextFitDecreasing;1600
NextFitDecreasing;1600
NextFitDecreasing;1600
NextFitDecreasing;1600
NextFitDecreasing;8000
NextFitDecreasing;1600
NextFitDecreasing;2400
NextFitDecreasing;1600
NextFitDecreasing;1600
NextFitDecreasing;1600
NextFitDecreasing;1600
NextFitDecreasing;1600
NextFitDecreasing;1600
NextFitDecreasing;4900
NextFitDecreasing;1600
NextFitDecreasing;2000
NextFitDecreasing;1600
NextFitDecreasing;1700
NextFitDecreasing;1600
NextFitDecreasing;2300
NextFitDecreasing;2200
NextFitDecreasing;1900
NextFitDecreasing;1500
NextFitDecreasing;1500
NextFitDecreasing;1500
NextFitDecreasing;1500
NextFitDecreasing;1500
NextFitDecreasing;2500
NextFitDecreasing;1500
NextFitDecreasing;1500
NextFitDecreasing;1400
NextFitDecreasing;1500
NextFitDecreasing;1500
NextFitDecreasing;1500
NextFitDecreasing;2200
NextFitDecreasing;1500
NextFitDecreasing;1500
NextFitDecreasing;1400
NextFitDecreasing;1500
NextFitDecreasing;1700
NextFitDecreasing;1500
NextFitDecreasing;2500
NextFitDecreasing;1700
NextFitDecreasing;1900
NextFitDecreasing;1600
NextFitDecreasing;1600
NextFitDecreasing;2400
NextFitDecreasing;1600
NextFitDecreasing;2600
NextFitDecreasing;1600
FirstFitDecreasing;6000
FirstFitDecreasing;3100
FirstFitDecreasing;3100
FirstFitDecreasing;1800
FirstFitDecreasing;1700
FirstFitDecreasing;1700
FirstFitDecreasing;1700
FirstFitDecreasing;1700
FirstFitDecreasing;1600
FirstFitDecreasing;2600
FirstFitDecreasing;1700
FirstFitDecreasing;1600
FirstFitDecreasing;1700
FirstFitDecreasing;1600
FirstFitDecreasing;1700
FirstFitDecreasing;1700
FirstFitDecreasing;2700
FirstFitDecreasing;1700
FirstFitDecreasing;2500
FirstFitDecreasing;1800
FirstFitDecreasing;3000
FirstFitDecreasing;2800
FirstFitDecreasing;1700
FirstFitDecreasing;3200
FirstFitDecreasing;1700
FirstFitDecreasing;1700
FirstFitDecreasing;1600
FirstFitDecreasing;1700
FirstFitDecreasing;1700
FirstFitDecreasing;1700
FirstFitDecreasing;2800
FirstFitDecreasing;1700
FirstFitDecreasing;1700
FirstFitDecreasing;1700
FirstFitDecreasing;1700
FirstFitDecreasing;1700
FirstFitDecreasing;1700
FirstFitDecreasing;2600
FirstFitDecreasing;1600
FirstFitDecreasing;2000
FirstFitDecreasing;1700
FirstFitDecreasing;1800
FirstFitDecreasing;1700
FirstFitDecreasing;1700
FirstFitDecreasing;2500
FirstFitDecreasing;1700
FirstFitDecreasing;2400
FirstFitDecreasing;1700
FirstFitDecreasing;1600
FirstFitDecreasing;1700
FirstFitDecreasing;1600
FirstFitDecreasing;3000
FirstFitDecreasing;1700
FirstFitDecreasing;1700
FirstFitDecreasing;1700
FirstFitDecreasing;1700
FirstFitDecreasing;1700
FirstFitDecreasing;1800
FirstFitDecreasing;2500
FirstFitDecreasing;1700
FirstFitDecreasing;1700
FirstFitDecreasing;1700
FirstFitDecreasing;1700
FirstFitDecreasing;1700
FirstFitDecreasing;1700
FirstFitDecreasing;2600
FirstFitDecreasing;1700
FirstFitDecreasing;1700
FirstFitDecreasing;1700
FirstFitDecreasing;1700
FirstFitDecreasing;1700
FirstFitDecreasing;2200
FirstFitDecreasing;2600
FirstFitDecreasing;2100
FirstFitDecreasing;1700
FirstFitDecreasing;1600
FirstFitDecreasing;1700
FirstFitDecreasing;1800
FirstFitDecreasing;1700
FirstFitDecreasing;2800
FirstFitDecreasing;1700
FirstFitDecreasing;1700
FirstFitDecreasing;1700
FirstFitDecreasing;1700
FirstFitDecreasing;1700
FirstFitDecreasing;1700
FirstFitDecreasing;7500
FirstFitDecreasing;1700
FirstFitDecreasing;1700
FirstFitDecreasing;1700
FirstFitDecreasing;1700
FirstFitDecreasing;1600
FirstFitDecreasing;1700
FirstFitDecreasing;3000
FirstFitDecreasing;1800
FirstFitDecreasing;1900
FirstFitDecreasing;2800
FirstFitDecreasing;1800
FirstFitDecreasing;1700
FirstFitDecreasing;1700
FirstFitDecreasing;2500
FirstFitDecreasing;1700
FirstFitDecreasing;1700
FirstFitDecreasing;1700
FirstFitDecreasing;1700
FirstFitDecreasing;1700
FirstFitDecreasing;1600
FirstFitDecreasing;2400
FirstFitDecreasing;2300
FirstFitDecreasing;1700
FirstFitDecreasing;1700
FirstFitDecreasing;1700
FirstFitDecreasing;1700
FirstFitDecreasing;1700
FirstFitDecreasing;2600
FirstFitDecreasing;1700
FirstFitDecreasing;1700
FirstFitDecreasing;1700
FirstFitDecreasing;1700
FirstFitDecreasing;1700
FirstFitDecreasing;1700
FirstFitDecreasing;4800
FirstFitDecreasing;2400
FirstFitDecreasing;2100
FirstFitDecreasing;2200
FirstFitDecreasing;3800
FirstFitDecreasing;2700
FirstFitDecreasing;2800
FirstFitDecreasing;3600
FirstFitDecreasing;1700
FirstFitDecreasing;1700
FirstFitDecreasing;1600
FirstFitDecreasing;1700
FirstFitDecreasing;1700
FirstFitDecreasing;1600
FirstFitDecreasing;2500
FirstFitDecreasing;1700
FirstFitDecreasing;1700
FirstFitDecreasing;1700
FirstFitDecreasing;1700
FirstFitDecreasing;1700
FirstFitDecreasing;1600
FirstFitDecreasing;2500
FirstFitDecreasing;1700
FirstFitDecreasing;1600
FirstFitDecreasing;1700
FirstFitDecreasing;3000
FirstFitDecreasing;1800
FirstFitDecreasing;2400
FirstFitDecreasing;2900
FirstFitDecreasing;1800
FirstFitDecreasing;1600
FirstFitDecreasing;1700
FirstFitDecreasing;1700
FirstFitDecreasing;1600
FirstFitDecreasing;1700
FirstFitDecreasing;2500
FirstFitDecreasing;1700
FirstFitDecreasing;1700
FirstFitDecreasing;1800
FirstFitDecreasing;1600
FirstFitDecreasing;1700
FirstFitDecreasing;1700
FirstFitDecreasing;2500
FirstFitDecreasing;2000
FirstFitDecreasing;1700
FirstFitDecreasing;1700
FirstFitDecreasing;1700
FirstFitDecreasing;1700
FirstFitDecreasing;1700
FirstFitDecreasing;1700
FirstFitDecreasing;2300
FirstFitDecreasing;1700
FirstFitDecreasing;1700
FirstFitDecreasing;1700
FirstFitDecreasing;1700
FirstFitDecreasing;1700
FirstFitDecreasing;1700
FirstFitDecreasing;1700
FirstFitDecreasing;1700
FirstFitDecreasing;1700
FirstFitDecreasing;1700
FirstFitDecreasing;3100
FirstFitDecreasing;1800
FirstFitDecreasing;1800
FirstFitDecreasing;1900
FirstFitDecreasing;1800
FirstFitDecreasing;2200
FirstFitDecreasing;1900
FirstFitDecreasing;1800
FirstFitDecreasing;1800
FirstFitDecreasing;1900
FirstFitDecreasing;1900
FirstFitDecreasing;1900
FirstFitDecreasing;1800
FirstFitDecreasing;1800
FirstFitDecreasing;4400
FirstFitDecreasing;1800
FirstFitDecreasing;1800
FirstFitDecreasing;1900
FirstFitDecreasing;2300
FirstFitDecreasing;1800
FirstFitDecreasing;1900
FirstFitDecreasing;1900
FirstFitDecreasing;1900
FirstFitDecreasing;1800
FirstFitDecreasing;1900
FirstFitDecreasing;1900
FirstFitDecreasing;1800
FirstFitDecreasing;1800
FirstFitDecreasing;1800
FirstFitDecreasing;1800
FirstFitDecreasing;1800
FirstFitDecreasing;1800
FirstFitDecreasing;1900
FirstFitDecreasing;1800
FirstFitDecreasing;1800
FirstFitDecreasing;1700
FirstFitDecreasing;1800
FirstFitDecreasing;1800
FirstFitDecreasing;1900
FirstFitDecreasing;3300
FirstFitDecreasing;2000
FirstFitDecreasing;1800
FirstFitDecreasing;1800
FirstFitDecreasing;1800
FirstFitDecreasing;1800
FirstFitDecreasing;1900
FirstFitDecreasing;1800
FirstFitDecreasing;1800
FirstFitDecreasing;1800
FirstFitDecreasing;1800
FirstFitDecreasing;1900
FirstFitDecreasing;1900
FirstFitDecreasing;1800
FirstFitDecreasing;1800
FirstFitDecreasing;1800
FirstFitDecreasing;1800
FirstFitDecreasing;1800
FirstFitDecreasing;1800
FirstFitDecreasing;1800
FirstFitDecreasing;1700
FirstFitDecreasing;1700
FirstFitDecreasing;2000
FirstFitDecreasing;1700
FirstFitDecreasing;1700
FirstFitDecreasing;2200
FirstFitDecreasing;1700
FirstFitDecreasing;1800
FirstFitDecreasing;2200
FirstFitDecreasing;1800
FirstFitDecreasing;1700
FirstFitDecreasing;1700
FirstFitDecreasing;2500
FirstFitDecreasing;1700
FirstFitDecreasing;1700
FirstFitDecreasing;1600
FirstFitDecreasing;1700
FirstFitDecreasing;1800
FirstFitDecreasing;1800
FirstFitDecreasing;1800
FirstFitDecreasing;1800
FirstFitDecreasing;1900
FirstFitDecreasing;1800
FirstFitDecreasing;1800
FirstFitDecreasing;1900
FirstFitDecreasing;1800
FirstFitDecreasing;1800
FirstFitDecreasing;1800
FirstFitDecreasing;14900
FirstFitDecreasing;1600
FirstFitDecreasing;2100
FirstFitDecreasing;1700
FirstFitDecreasing;1700
FirstFitDecreasing;2100
FirstFitDecreasing;1700
FirstFitDecreasing;3200
FirstFitDecreasing;2100
FirstFitDecreasing;2100
FirstFitDecreasing;1800
FirstFitDecreasing;1700
FirstFitDecreasing;1600
FirstFitDecreasing;1700
FirstFitDecreasing;2900
FirstFitDecreasing;1700
FirstFitDecreasing;1700
FirstFitDecreasing;1700
FirstFitDecreasing;1700
FirstFitDecreasing;1600
FirstFitDecreasing;1700
FirstFitDecreasing;9900
FirstFitDecreasing;1600
FirstFitDecreasing;1600
FirstFitDecreasing;1500
FirstFitDecreasing;1600
FirstFitDecreasing;1600
FirstFitDecreasing;3500
FirstFitDecreasing;17800
FirstFitDecreasing;1700
FirstFitDecreasing;1600
FirstFitDecreasing;1600
FirstFitDecreasing;2000
FirstFitDecreasing;1700
FirstFitDecreasing;1700
FirstFitDecreasing;10800
FirstFitDecreasing;1700
FirstFitDecreasing;1600
FirstFitDecreasing;1700
FirstFitDecreasing;1800
FirstFitDecreasing;1600
FirstFitDecreasing;1700
FirstFitDecreasing;2400
FirstFitDecreasing;1700
FirstFitDecreasing;1700
FirstFitDecreasing;1700
FirstFitDecreasing;1700
FirstFitDecreasing;1800
FirstFitDecreasing;1700
FirstFitDecreasing;2600
FirstFitDecreasing;1700
FirstFitDecreasing;1800
FirstFitDecreasing;2200
FirstFitDecreasing;1800
FirstFitDecreasing;1700
FirstFitDecreasing;1700
FirstFitDecreasing;2500
FirstFitDecreasing;1800
FirstFitDecreasing;1700
FirstFitDecreasing;1700
FirstFitDecreasing;1700
FirstFitDecreasing;2500
FirstFitDecreasing;2600
FirstFitDecreasing;3500
FirstFitDecreasing;1800
FirstFitDecreasing;1700
FirstFitDecreasing;8400
FirstFitDecreasing;17100
FirstFitDecreasing;16900
FirstFitDecreasing;16200
FirstFitDecreasing;23700
FirstFitDecreasing;16100
FirstFitDecreasing;3500
FirstFitDecreasing;1900
FirstFitDecreasing;2000
FirstFitDecreasing;2000
FirstFitDecreasing;2000
FirstFitDecreasing;3900
FirstFitDecreasing;2100
FirstFitDecreasing;2000
FirstFitDecreasing;2400
FirstFitDecreasing;2100
FirstFitDecreasing;12900
FirstFitDecreasing;16100
FirstFitDecreasing;24300
FirstFitDecreasing;16400
FirstFitDecreasing;16300
FirstFitDecreasing;15300
FirstFitDecreasing;2000
FirstFitDecreasing;2600
FirstFitDecreasing;2000
FirstFitDecreasing;3000
FirstFitDecreasing;2000
FirstFitDecreasing;2000
FirstFitDecreasing;2000
FirstFitDecreasing;2000
FirstFitDecreasing;2000
FirstFitDecreasing;2000
FirstFitDecreasing;3100
FirstFitDecreasing;2000
FirstFitDecreasing;2000
FirstFitDecreasing;2000
FirstFitDecreasing;2600
FirstFitDecreasing;2100
FirstFitDecreasing;2100
FirstFitDecreasing;3100
FirstFitDecreasing;2000
FirstFitDecreasing;2000
FirstFitDecreasing;2100
FirstFitDecreasing;2000
FirstFitDecreasing;2100
FirstFitDecreasing;2000
FirstFitDecreasing;4200
FirstFitDecreasing;2000
FirstFitDecreasing;2000
FirstFitDecreasing;2100
FirstFitDecreasing;2000
FirstFitDecreasing;2100
FirstFitDecreasing;2000
FirstFitDecreasing;3000
FirstFitDecreasing;2100
FirstFitDecreasing;2200
FirstFitDecreasing;2500
FirstFitDecreasing;2400
FirstFitDecreasing;2300
FirstFitDecreasing;3000
FirstFitDecreasing;4200
FirstFitDecreasing;4200
FirstFitDecreasing;3000
FirstFitDecreasing;2100
FirstFitDecreasing;2000
FirstFitDecreasing;2000
FirstFitDecreasing;2100
FirstFitDecreasing;3800
FirstFitDecreasing;2100
FirstFitDecreasing;3000
FirstFitDecreasing;2600
FirstFitDecreasing;2100
FirstFitDecreasing;2000
FirstFitDecreasing;2000
FirstFitDecreasing;3600
FirstFitDecreasing;2000
FirstFitDecreasing;2000
FirstFitDecreasing;2100
FirstFitDecreasing;2000
FirstFitDecreasing;2000
FirstFitDecreasing;3100
FirstFitDecreasing;3000
FirstFitDecreasing;2000
FirstFitDecreasing;2000
FirstFitDecreasing;2100
FirstFitDecreasing;2000
FirstFitDecreasing;2800
FirstFitDecreasing;2000
FirstFitDecreasing;3100
FirstFitDecreasing;2000
FirstFitDecreasing;2000
FirstFitDecreasing;2000
FirstFitDecreasing;2000
FirstFitDecreasing;2000
FirstFitDecreasing;2100
FirstFitDecreasing;3100
FirstFitDecreasing;2000
FirstFitDecreasing;2000
FirstFitDecreasing;2000
FirstFitDecreasing;2000
FirstFitDecreasing;2000
FirstFitDecreasing;2100
FirstFitDecreasing;3000
FirstFitDecreasing;2200
FirstFitDecreasing;2100
FirstFitDecreasing;2000
FirstFitDecreasing;2000
FirstFitDecreasing;2000
FirstFitDecreasing;2700
FirstFitDecreasing;2300
FirstFitDecreasing;1200
FirstFitDecreasing;1200
FirstFitDecreasing;1200
FirstFitDecreasing;1500
FirstFitDecreasing;1500
FirstFitDecreasing;1200
FirstFitDecreasing;2100
FirstFitDecreasing;1200
FirstFitDecreasing;1100
FirstFitDecreasing;1100
FirstFitDecreasing;1200
FirstFitDecreasing;1200
FirstFitDecreasing;1200
FirstFitDecreasing;2100
FirstFitDecreasing;1100
FirstFitDecreasing;1100
FirstFitDecreasing;1200
FirstFitDecreasing;1900
FirstFitDecreasing;1700
FirstFitDecreasing;1900
FirstFitDecreasing;3200
FirstFitDecreasing;1700
FirstFitDecreasing;1500
FirstFitDecreasing;1700
FirstFitDecreasing;1600
FirstFitDecreasing;1700
FirstFitDecreasing;1600
FirstFitDecreasing;3500
FirstFitDecreasing;2100
FirstFitDecreasing;2100
FirstFitDecreasing;2200
FirstFitDecreasing;2000
FirstFitDecreasing;2000
FirstFitDecreasing;2400
FirstFitDecreasing;3200
FirstFitDecreasing;2100
FirstFitDecreasing;2000
FirstFitDecreasing;2100
FirstFitDecreasing;15800
FirstFitDecreasing;16300
FirstFitDecreasing;16400
FirstFitDecreasing;25600
FirstFitDecreasing;7500
FirstFitDecreasing;1700
FirstFitDecreasing;1900
FirstFitDecreasing;1800
FirstFitDecreasing;1900
FirstFitDecreasing;1800
FirstFitDecreasing;3000
FirstFitDecreasing;1700
FirstFitDecreasing;1700
FirstFitDecreasing;1700
FirstFitDecreasing;1800
FirstFitDecreasing;1700
FirstFitDecreasing;1800
FirstFitDecreasing;2700
FirstFitDecreasing;1700
FirstFitDecreasing;1800
FirstFitDecreasing;1900
FirstFitDecreasing;1800
FirstFitDecreasing;10100
FirstFitDecreasing;10500
FirstFitDecreasing;3600
FirstFitDecreasing;5000
FirstFitDecreasing;8400
FirstFitDecreasing;2100
FirstFitDecreasing;2000
FirstFitDecreasing;2100
FirstFitDecreasing;3500
FirstFitDecreasing;2000
FirstFitDecreasing;2100
FirstFitDecreasing;2100
FirstFitDecreasing;2200
FirstFitDecreasing;2200
FirstFitDecreasing;2000
FirstFitDecreasing;3500
FirstFitDecreasing;2000
FirstFitDecreasing;2000
FirstFitDecreasing;2000
FirstFitDecreasing;2100
FirstFitDecreasing;2000
FirstFitDecreasing;2000
FirstFitDecreasing;3300
FirstFitDecreasing;2100
FirstFitDecreasing;2600
FirstFitDecreasing;3100
FirstFitDecreasing;2100
FirstFitDecreasing;4000
FirstFitDecreasing;2700
FirstFitDecreasing;3400
FirstFitDecreasing;2000
FirstFitDecreasing;2100
FirstFitDecreasing;1900
FirstFitDecreasing;2100
FirstFitDecreasing;2000
FirstFitDecreasing;2000
FirstFitDecreasing;3500
FirstFitDecreasing;2000
FirstFitDecreasing;2100
FirstFitDecreasing;2000
FirstFitDecreasing;1900
FirstFitDecreasing;2200
FirstFitDecreasing;2000
FirstFitDecreasing;3300
FirstFitDecreasing;1800
FirstFitDecreasing;2200
FirstFitDecreasing;2100
FirstFitDecreasing;2100
FirstFitDecreasing;2000
FirstFitDecreasing;2000
FirstFitDecreasing;3100
FirstFitDecreasing;2200
FirstFitDecreasing;2000
FirstFitDecreasing;2100
FirstFitDecreasing;2100
FirstFitDecreasing;2100
FirstFitDecreasing;2100
FirstFitDecreasing;3400
FirstFitDecreasing;2700
FirstFitDecreasing;2100
FirstFitDecreasing;1800
FirstFitDecreasing;1900
FirstFitDecreasing;2100
FirstFitDecreasing;2100
FirstFitDecreasing;3400
FirstFitDecreasing;2100
FirstFitDecreasing;2000
FirstFitDecreasing;2000
FirstFitDecreasing;2100
FirstFitDecreasing;2100
FirstFitDecreasing;2400
FirstFitDecreasing;3300
FirstFitDecreasing;2100
FirstFitDecreasing;2000
FirstFitDecreasing;2100
FirstFitDecreasing;2100
FirstFitDecreasing;2100
FirstFitDecreasing;2100
FirstFitDecreasing;3400
FirstFitDecreasing;2100
FirstFitDecreasing;2100
FirstFitDecreasing;2100
FirstFitDecreasing;2100
FirstFitDecreasing;2000
FirstFitDecreasing;2000
FirstFitDecreasing;3500
FirstFitDecreasing;2200
FirstFitDecreasing;2000
FirstFitDecreasing;2100
FirstFitDecreasing;2000
FirstFitDecreasing;2100
FirstFitDecreasing;2100
FirstFitDecreasing;3200
FirstFitDecreasing;2100
FirstFitDecreasing;2000
FirstFitDecreasing;2000
FirstFitDecreasing;2200
FirstFitDecreasing;2000
FirstFitDecreasing;2100
FirstFitDecreasing;3000
FirstFitDecreasing;2100
FirstFitDecreasing;2100
FirstFitDecreasing;2100
FirstFitDecreasing;1800
FirstFitDecreasing;2000
FirstFitDecreasing;2000
FirstFitDecreasing;3200
FirstFitDecreasing;2100
FirstFitDecreasing;1700
FirstFitDecreasing;2200
FirstFitDecreasing;2000
FirstFitDecreasing;2000
FirstFitDecreasing;2000
FirstFitDecreasing;3300
FirstFitDecreasing;2100
FirstFitDecreasing;3300
FirstFitDecreasing;2100
FirstFitDecreasing;1700
FirstFitDecreasing;2000
FirstFitDecreasing;2100
FirstFitDecreasing;3300
FirstFitDecreasing;2100
FirstFitDecreasing;2000
FirstFitDecreasing;1900
FirstFitDecreasing;1900
FirstFitDecreasing;2100
FirstFitDecreasing;2000
FirstFitDecreasing;3000
FirstFitDecreasing;3500
FirstFitDecreasing;2100
FirstFitDecreasing;2000
FirstFitDecreasing;1900
FirstFitDecreasing;5600
FirstFitDecreasing;2200
FirstFitDecreasing;10300
FirstFitDecreasing;1900
FirstFitDecreasing;1900
FirstFitDecreasing;7600
FirstFitDecreasing;1900
FirstFitDecreasing;1900
FirstFitDecreasing;1700
FirstFitDecreasing;3300
FirstFitDecreasing;2000
FirstFitDecreasing;2100
FirstFitDecreasing;1900
FirstFitDecreasing;2000
FirstFitDecreasing;2000
FirstFitDecreasing;2000
FirstFitDecreasing;3900
FirstFitDecreasing;2000
FirstFitDecreasing;1900
FirstFitDecreasing;1900
FirstFitDecreasing;2100
FirstFitDecreasing;3200
FirstFitDecreasing;1700
FirstFitDecreasing;4400
FirstFitDecreasing;2700
FirstFitDecreasing;1900
FirstFitDecreasing;1900
FirstFitDecreasing;1900
FirstFitDecreasing;1800
FirstFitDecreasing;1900
FirstFitDecreasing;3000
FirstFitDecreasing;1900
FirstFitDecreasing;1800
FirstFitDecreasing;2000
FirstFitDecreasing;2000
FirstFitDecreasing;2000
FirstFitDecreasing;1800
FirstFitDecreasing;3100
FirstFitDecreasing;3100
FirstFitDecreasing;2600
FirstFitDecreasing;1900
FirstFitDecreasing;1900
FirstFitDecreasing;1700
FirstFitDecreasing;1900
FirstFitDecreasing;3100
FirstFitDecreasing;2000
FirstFitDecreasing;1900
FirstFitDecreasing;1800
FirstFitDecreasing;1900
FirstFitDecreasing;2000
FirstFitDecreasing;2000
FirstFitDecreasing;3100
FirstFitDecreasing;1900
FirstFitDecreasing;2000
FirstFitDecreasing;1900
FirstFitDecreasing;2000
FirstFitDecreasing;2000
FirstFitDecreasing;1900
FirstFitDecreasing;3100
FirstFitDecreasing;1900
FirstFitDecreasing;1900
FirstFitDecreasing;2000
FirstFitDecreasing;1900
FirstFitDecreasing;2000
FirstFitDecreasing;1800
FirstFitDecreasing;3100
FirstFitDecreasing;2000
FirstFitDecreasing;2000
FirstFitDecreasing;2000
FirstFitDecreasing;1900
FirstFitDecreasing;2000
FirstFitDecreasing;2000
FirstFitDecreasing;2900
FirstFitDecreasing;2000
FirstFitDecreasing;1900
FirstFitDecreasing;2000
FirstFitDecreasing;1900
FirstFitDecreasing;1900
FirstFitDecreasing;1900
FirstFitDecreasing;3500
FirstFitDecreasing;2000
FirstFitDecreasing;1800
FirstFitDecreasing;1900
FirstFitDecreasing;1900
FirstFitDecreasing;1900
FirstFitDecreasing;1900
FirstFitDecreasing;3000
FirstFitDecreasing;2000
FirstFitDecreasing;2000
FirstFitDecreasing;2000
FirstFitDecreasing;1900
FirstFitDecreasing;2000
FirstFitDecreasing;1900
FirstFitDecreasing;3400
FirstFitDecreasing;1900
FirstFitDecreasing;1900
FirstFitDecreasing;2500
FirstFitDecreasing;2000
FirstFitDecreasing;1700
FirstFitDecreasing;1800
FirstFitDecreasing;2900
FirstFitDecreasing;1900
FirstFitDecreasing;2000
FirstFitDecreasing;1900
FirstFitDecreasing;1800
FirstFitDecreasing;2000
FirstFitDecreasing;2100
FirstFitDecreasing;2900
FirstFitDecreasing;2000
FirstFitDecreasing;2000
FirstFitDecreasing;1900
FirstFitDecreasing;2000
FirstFitDecreasing;1800
FirstFitDecreasing;2000
FirstFitDecreasing;3200
FirstFitDecreasing;2400
FirstFitDecreasing;1700
FirstFitDecreasing;2000
FirstFitDecreasing;2000
FirstFitDecreasing;2900
FirstFitDecreasing;1800
FirstFitDecreasing;2700
FirstFitDecreasing;2100
FirstFitDecreasing;1800
FirstFitDecreasing;4600
FirstFitDecreasing;2000
FirstFitDecreasing;1900
FirstFitDecreasing;1800
FirstFitDecreasing;4500
FirstFitDecreasing;2000
FirstFitDecreasing;1900
FirstFitDecreasing;2000
FirstFitDecreasing;2000
FirstFitDecreasing;1700
FirstFitDecreasing;2100
FirstFitDecreasing;1800
FirstFitDecreasing;2000
FirstFitDecreasing;2000
FirstFitDecreasing;1700
FirstFitDecreasing;2200
FirstFitDecreasing;2000
FirstFitDecreasing;1700
FirstFitDecreasing;1900
FirstFitDecreasing;1600
FirstFitDecreasing;1800
FirstFitDecreasing;1800
FirstFitDecreasing;1700
FirstFitDecreasing;1800
FirstFitDecreasing;1900
FirstFitDecreasing;2900
FirstFitDecreasing;1800
FirstFitDecreasing;16300
FirstFitDecreasing;3500
FirstFitDecreasing;3100
FirstFitDecreasing;2600
FirstFitDecreasing;1600
FirstFitDecreasing;1300
FirstFitDecreasing;1600
FirstFitDecreasing;1700
FirstFitDecreasing;1900
FirstFitDecreasing;1900
FirstFitDecreasing;1700
FirstFitDecreasing;1600
FirstFitDecreasing;3400
FirstFitDecreasing;2100
FirstFitDecreasing;2000
FirstFitDecreasing;1900
FirstFitDecreasing;1900
FirstFitDecreasing;2000
FirstFitDecreasing;1800
FirstFitDecreasing;2000
FirstFitDecreasing;2000
FirstFitDecreasing;4100
FirstFitDecreasing;1900
FirstFitDecreasing;2000
FirstFitDecreasing;2100
FirstFitDecreasing;2000
FirstFitDecreasing;1600
FirstFitDecreasing;2000
FirstFitDecreasing;2200
FirstFitDecreasing;2200
FirstFitDecreasing;2100
FirstFitDecreasing;2100
FirstFitDecreasing;1900
FirstFitDecreasing;2100
FirstFitDecreasing;2000
FirstFitDecreasing;2200
FirstFitDecreasing;2000
FirstFitDecreasing;1900
FirstFitDecreasing;1900
FirstFitDecreasing;2000
FirstFitDecreasing;1800
FirstFitDecreasing;1200
FirstFitDecreasing;1100
FirstFitDecreasing;1100
FirstFitDecreasing;3900
FirstFitDecreasing;1100
FirstFitDecreasing;1100
FirstFitDecreasing;1100
FirstFitDecreasing;1100
FirstFitDecreasing;1200
FirstFitDecreasing;1800
FirstFitDecreasing;1100
FirstFitDecreasing;1200
FirstFitDecreasing;1100
FirstFitDecreasing;1100
FirstFitDecreasing;1100
FirstFitDecreasing;1100
FirstFitDecreasing;1100
FirstFitDecreasing;1200
FirstFitDecreasing;1500
FirstFitDecreasing;1300
FirstFitDecreasing;1100
FirstFitDecreasing;1100
FirstFitDecreasing;1100
FirstFitDecreasing;3000
FirstFitDecreasing;3100
FirstFitDecreasing;1200
FirstFitDecreasing;1100
FirstFitDecreasing;1100
FirstFitDecreasing;1300
FirstFitDecreasing;1700
FirstFitDecreasing;1200
FirstFitDecreasing;1100
FirstFitDecreasing;1100
FirstFitDecreasing;1000
FirstFitDecreasing;1200
FirstFitDecreasing;1200
FirstFitDecreasing;1000
FirstFitDecreasing;1100
FirstFitDecreasing;1100
FirstFitDecreasing;1100
FirstFitDecreasing;1100
FirstFitDecreasing;2200
FirstFitDecreasing;2200
FirstFitDecreasing;1100
FirstFitDecreasing;1100
FirstFitDecreasing;1100
FirstFitDecreasing;1000
FirstFitDecreasing;1100
FirstFitDecreasing;1100
FirstFitDecreasing;2100
FirstFitDecreasing;1100
FirstFitDecreasing;1100
FirstFitDecreasing;1100
FirstFitDecreasing;1200
FirstFitDecreasing;1000
FirstFitDecreasing;1100
FirstFitDecreasing;2100
FirstFitDecreasing;1000
FirstFitDecreasing;1200
FirstFitDecreasing;1200
FirstFitDecreasing;2000
FirstFitDecreasing;1100
FirstFitDecreasing;1100
FirstFitDecreasing;6300
FirstFitDecreasing;2100
FirstFitDecreasing;1200
FirstFitDecreasing;1100
FirstFitDecreasing;1100
FirstFitDecreasing;1100
FirstFitDecreasing;1100
FirstFitDecreasing;2300
FirstFitDecreasing;1100
FirstFitDecreasing;1100
FirstFitDecreasing;1100
FirstFitDecreasing;1200
FirstFitDecreasing;1400
FirstFitDecreasing;1100
FirstFitDecreasing;2100
FirstFitDecreasing;1100
FirstFitDecreasing;1100
FirstFitDecreasing;1100
FirstFitDecreasing;1100
FirstFitDecreasing;1000
FirstFitDecreasing;1200
FirstFitDecreasing;2000
FirstFitDecreasing;1100
FirstFitDecreasing;1000
FirstFitDecreasing;2100
FirstFitDecreasing;1800
FirstFitDecreasing;1200
FirstFitDecreasing;1100
FirstFitDecreasing;13600
FirstFitDecreasing;1100
FirstFitDecreasing;1100
FirstFitDecreasing;1100
FirstFitDecreasing;1100
FirstFitDecreasing;1100
FirstFitDecreasing;1100
FirstFitDecreasing;2300
FirstFitDecreasing;1100
FirstFitDecreasing;1100
FirstFitDecreasing;1100
FirstFitDecreasing;1000
FirstFitDecreasing;1100
FirstFitDecreasing;1100
FirstFitDecreasing;2200
FirstFitDecreasing;1200
FirstFitDecreasing;1100
FirstFitDecreasing;1100
FirstFitDecreasing;1100
FirstFitDecreasing;1100
FirstFitDecreasing;1100
FirstFitDecreasing;10700
FirstFitDecreasing;1100
FirstFitDecreasing;1100
FirstFitDecreasing;1000
FirstFitDecreasing;1100
FirstFitDecreasing;1000
FirstFitDecreasing;1100
FirstFitDecreasing;4100
FirstFitDecreasing;1100
FirstFitDecreasing;1000
FirstFitDecreasing;1100
FirstFitDecreasing;1100
FirstFitDecreasing;1100
FirstFitDecreasing;1200
FirstFitDecreasing;2000
FirstFitDecreasing;1100
FirstFitDecreasing;1100
FirstFitDecreasing;1100
FirstFitDecreasing;1100
FirstFitDecreasing;1900
FirstFitDecreasing;4000
FirstFitDecreasing;2100
FirstFitDecreasing;1100
FirstFitDecreasing;1100
FirstFitDecreasing;3200
FirstFitDecreasing;1100
FirstFitDecreasing;1100
FirstFitDecreasing;1100
FirstFitDecreasing;12900
FirstFitDecreasing;1100
FirstFitDecreasing;1100
FirstFitDecreasing;1100
FirstFitDecreasing;1100
FirstFitDecreasing;1200
FirstFitDecreasing;1100
FirstFitDecreasing;6300
FirstFitDecreasing;1100
FirstFitDecreasing;1100
FirstFitDecreasing;1100
FirstFitDecreasing;1100
FirstFitDecreasing;1200
FirstFitDecreasing;1100
FirstFitDecreasing;3900
FirstFitDecreasing;1500
FirstFitDecreasing;1200
FirstFitDecreasing;1000
FirstFitDecreasing;1100
FirstFitDecreasing;1100
FirstFitDecreasing;1100
FirstFitDecreasing;8500
FirstFitDecreasing;1100
FirstFitDecreasing;1000
FirstFitDecreasing;1100
FirstFitDecreasing;1100
FirstFitDecreasing;1000
FirstFitDecreasing;1100
FirstFitDecreasing;2200
FirstFitDecreasing;1100
FirstFitDecreasing;1100
